identifier,d_interlayer,bond_average,bond_equatorial,bond_axial,angleXMX_average,angleXMX_equatorial,angleXMX_axial,angleMXM_average
1,8.273534370546729,3.204290594828412,3.1910455931751773,3.2307805981348823,169.6807102792573,169.5107754170379,170.02058000369618,147.39428111848724
4,6.128534717035118,3.2175616512643876,3.2083062630265737,3.236072427740016,172.408541583752,170.84185754797414,175.54190965530773,147.56656498742063
5,5.539964331650106,3.235954216329103,3.254713659743193,3.1984353295009225,173.97179085850564,172.59248768431266,176.73039720689158,148.95448647788646
6,5.426969203679869,3.1839523655569617,3.1836939239450075,3.1844692487808697,178.65011565595725,178.03199352690757,179.8863599140565,161.71027811768096
7,6.691691546956976,3.213941715416029,3.2095271673016756,3.2227708116447342,174.42774774642155,173.00958348854607,177.26407626217244,146.8015841857311
8,4.020128778953224,3.2202919939049113,3.2113205026948624,3.238234976325009,172.59956877107186,172.22175965485,173.35518700351557,145.53673717785213
9,8.844540233914952,3.2043852139731377,3.1907438602713145,3.2316679213767845,170.38984314698783,167.93088837658576,175.30775268779195,148.5626027120852
10,4.113395536115699,3.21584582816304,3.2031694545200904,3.2411985754489394,172.25913049399503,171.70459362687976,173.3682042282256,145.94850248618505
11,3.764872876121654,3.2012622268969797,3.209691776754115,3.1844031271827085,178.76487938538898,178.8291053209104,178.63642751434602,160.11452631780685
17,4.693318978994047,3.247996127241974,3.307388408235693,3.129211565254536,174.09844970055954,173.7006554332428,174.89403823519302,151.14334368431378
18,4.792234510499702,3.219234800323855,3.2146795493783906,3.228345302214784,166.60804191231355,165.72411171542188,168.37590230609692,152.38732508412284
21,4.90464456126865,3.2115487768760507,3.2083132721335774,3.218019786360998,171.41152740810034,174.13612680625224,165.9623286117966,156.38705322842407
22,6.2133086886709545,3.1987451379297376,3.1911757686889786,3.2138838764112556,173.50475412277794,175.1247520557206,170.26475825689252,154.1703838628888
24,5.98867519041305,3.200512636430146,3.1775189394346626,3.246500030421115,169.66015270153054,167.98627957548638,173.00789895361888,153.4283265679177
25,4.838347685777477,3.191043391042493,3.1742869204143016,3.2245563322988766,166.25971190964714,165.80753984097942,167.16405604698258,161.15878670784298
26,6.417044173504718,3.1975359197310205,3.183934321080976,3.2247391170311093,176.95163617914315,175.5984077446761,179.65809304807726,149.86023911973848
27,4.733798282063094,3.209000051378304,3.2018074380873793,3.2233852779601535,172.48139033886756,175.61645334435894,166.2112643278849,157.42091585514802
28,5.728625225427585,3.17432295367489,3.1423984532546996,3.23817195451527,173.55361486619836,174.54944951623426,171.56194556612658,173.00279468161042
29,5.8500167685512885,3.2169733679578365,3.1900480334595267,3.2708240369544574,169.69923567295942,169.52669972247568,170.04430757392686,166.4788458030277
30,8.10459674404997,3.220160409214207,3.2244007907331467,3.2116796461763277,174.16528521346834,175.2931217411148,171.90961215817546,152.47163030044413
31,7.175755926416352,3.1935025470388267,3.1788113564653546,3.2228849281857705,168.37058565765264,168.41687956189202,168.27799784917391,158.71326731760024
33,4.730386756056711,3.3277069901286302,3.4261734421014074,3.130774086183074,169.84125918626643,170.17570974305545,169.17235807268838,144.27916190119578
34,8.387592514402435,3.221626805110533,3.214687947304792,3.2355045207220163,170.04497173872883,169.92679909137829,170.28131703342993,148.32115511945761
35,5.789675850977057,3.256890126445274,3.2881925575445807,3.1942852642466626,170.8250084199366,172.38135808721074,167.71230908538837,156.6014254070588
36,5.420492960448214,3.1870361730423724,3.191954328002816,3.1771998631214875,171.67611262913042,171.65119407610047,171.72594973519026,162.63745380446093
37,3.9043703205360467,3.2029060390984903,3.183410640358819,3.2418968365778302,166.93410607477193,166.13709595311298,168.52812631808982,165.03416423194093
38,4.26358678378833,3.2095454532434755,3.1913715980285016,3.245893163673424,175.9705740237482,176.64097757389825,174.62976692344813,146.71968620634465
39,4.133385722257814,3.202291595274076,3.1899615162588084,3.2269517533046117,175.129976015413,173.92800000974455,177.53392802674992,146.92085938024195
40,10.786533921135117,3.2286279137119447,3.2366067555981335,3.212670229939567,172.50990268155815,173.9006793896475,169.72834926537945,146.79541284728685
41,10.294679712660914,3.183276039690993,3.1635679056227355,3.222692307827507,172.62214765694466,171.4821320061021,174.90217895862975,170.06132515644575
42,10.767035218635415,3.2896836615643203,3.30436795411578,3.260315076461402,166.5987784063352,166.12255368656866,167.55122784586825,159.3340488847989
43,10.727772928263873,3.3484280681550946,3.411338481357867,3.2226072417495493,166.95342442952128,167.65801761058614,165.5442380673915,150.72217663032848
44,10.382504358754144,3.2603676578378895,3.2932383655749273,3.194626242363814,167.2647823413055,167.90018565755335,165.99397570880984,154.46033246604415
45,9.890642528772098,3.205574641595414,3.1971140498683273,3.222495825049588,169.71844952391692,170.4068955367061,168.34155749833857,161.0102622498016
46,9.998528403274076,3.2413597958195424,3.255237403722494,3.2136045800136386,166.3748486976229,165.82189882158278,167.48074844970316,152.31883963763997
47,10.428681533726767,3.2131960052161097,3.2065670255886816,3.226453964470964,169.9146362555781,167.20534274217636,175.3332232823816,145.50011424167232
48,10.526906710129293,3.2799276335708036,3.315923533219655,3.2079358342731012,168.2612569729189,167.22776874607013,170.3282334266164,146.11086728723745
49,10.01810456662161,3.230411026868545,3.2282754007146313,3.2346822791763707,170.67700042917488,169.61957761543601,172.7918460566526,156.26562528116142
50,9.68848653410384,3.2401893572491023,3.238271436311458,3.2440251991243914,174.6465620983502,174.7902351212461,174.35921605255845,157.19332638558518
51,10.053614112763587,3.266382000463674,3.2798640365984335,3.2394179281941544,172.25820094534149,174.24490375730022,168.284795321424,149.27542577828143
52,8.324221096961736,3.2145659942244365,3.2116095605514703,3.220478861570369,173.9630771247447,172.8095566957005,176.2701179828331,155.45204930377633
56,4.4411320725639465,3.180092715718111,3.18893555315262,3.1624070408490943,162.70570897146595,159.32336815835276,169.4703905976923,159.28164749886656
57,4.642057476524604,3.2458649099196144,3.2692474873342188,3.1990997550904057,171.64093253531328,170.96071789639757,173.00136181314474,150.5448228076479
58,5.868891324009743,3.2666821651898537,3.297612082781545,3.204822330006472,172.67116216061905,171.77546795451457,174.46255057282812,151.32383757120775
59,3.943416199308386,3.2153290322138943,3.2538392234583196,3.138308649725043,179.80113546123312,179.8391635224937,179.725079338712,144.7783126126156
60,6.8135927239487195,3.1895821434846177,3.1807896349482627,3.2071671605573293,169.20861644934158,168.2822502594923,171.0613488290402,146.16816377832617
62,6.209657917834217,3.201033583455276,3.203744497126571,3.1956117561126853,178.2218410524856,177.59657911158143,179.47236493429392,149.92558460340427
63,5.796889860875163,3.216792392363914,3.2026760939591195,3.245024989173503,174.84329251200026,177.7902938803709,168.9492897752589,149.82490621351354
64,5.915632034061409,3.2068084420845167,3.189499787716584,3.24142575082038,172.34355691209237,174.72602311703218,167.57862450221273,152.3844399038384
68,5.238221212224846,3.2044781559839794,3.2038608311336727,3.2057128056845925,165.14234686977468,163.68693920534508,168.05316219863388,154.35059420102488
85,8.623011012493278,3.21947570332402,3.207596239075301,3.2432346318214567,170.45205694796616,168.72020333928293,173.91576416533258,151.23663889096315
89,8.326090007299182,3.1825318015800215,3.1541042141563373,3.239386976427389,171.38214673591733,169.98863847621868,174.16916325531454,157.96938856987657
90,8.220529019658064,3.172949523159911,3.135158154294478,3.2485322608907774,173.44857268453583,174.1505760224286,172.04456600875022,171.83010739558898
97,7.993086659515575,3.208026867705119,3.193934742555295,3.2362111180047672,173.27325919529417,173.8327470456158,172.1542834946509,149.10400643177414
100,9.34051360628235,3.18998703442846,3.170004537371655,3.229952028542069,172.65737201994204,171.36878226494886,175.23455152992838,155.28008806810314
101,13.851153006024852,3.203463588487567,3.1847723540588966,3.2408460573449056,173.51335042411924,172.20523268531622,176.12958590172525,144.96473028050298
102,17.45455585559634,3.199146254393129,3.186263675302168,3.224911412575053,172.5271099972491,171.9436561722992,173.69401764714905,145.71603297030524
103,10.763015770917873,3.2149243302318404,3.2132888098340713,3.21819537102738,174.69896445789504,175.1434647861605,173.80996380136418,148.58237509585393
104,13.164985295357399,3.221764816246067,3.2237148723887348,3.217864703960733,174.00720318216432,174.4629012201353,173.09580710622228,147.51230432934832
105,10.65730312379053,3.2093817726096465,3.2085137730530158,3.2111177717229076,176.9053428146295,175.42263641534254,179.8707556132033,148.6188507446088
106,14.878827284498069,3.194484996192006,3.170007309988485,3.2434403685990474,170.17649814105337,168.8146747321403,172.9001449588795,147.48723659787697
107,19.216940376401535,3.1963194417447003,3.1732155907883253,3.242527143657451,166.42490343215655,163.12519129680857,173.02432770285247,152.09601238407592
108,4.1147528433223926,3.2116075748365787,3.2031409357384204,3.2285408530328947,170.70544919629694,169.62443056971327,172.8674864494642,148.06942756547159
110,4.0664313439953865,3.201016467840081,3.2099689282472377,3.183111547025767,179.52831782234156,179.51237666488768,179.56020013724924,148.63584985972506
111,4.480510298030106,3.209983836453388,3.199473147802812,3.231005213754541,172.149276836064,169.168334823425,178.11116086134194,141.51946136625267
112,6.423080449885731,3.190752330673567,3.165278736309821,3.2416995194010596,179.84778977055112,179.82591747849915,179.891534354655,143.82198498335418
113,5.826423392448007,3.1986230990756965,3.179143282125513,3.2375827329760654,171.4032758699741,173.61788637195986,166.97405486600263,156.75714888747055
114,5.4042389516687575,3.1915930609620577,3.1910968715573285,3.1925854397715163,173.16373404543938,172.03724077034002,175.4167205956382,170.64494304633206
115,5.297439094066952,3.2311373051411483,3.230755555294942,3.231900804833561,169.84681667661758,171.82002637379247,165.90039728226773,162.85770887491864
116,5.670259627239044,3.2337452083092075,3.26438621410009,3.172463196727443,172.133563039725,173.39827526726907,169.60413858463681,158.67347008424287
118,5.714420892425054,3.2062469492161068,3.1884963835762723,3.241748080495776,171.89441052412826,172.85582997084447,169.97157163069585,150.70424405975962
120,5.222366774245815,3.195170661357473,3.183706263403603,3.218099457265213,174.51728658776253,175.14369785498582,173.2644640533159,162.4311964896641
121,5.326616806486871,3.1938675111725168,3.1952051052744204,3.191192322968711,173.92157071068877,175.84461911332988,170.07547390540654,163.40605367316527
122,5.180033365929294,3.1847748518838324,3.163522948533248,3.2272786585850026,171.2509253646585,173.7011008397953,166.35057441438494,164.5641264640397
131,8.07937354849371,3.218412925873306,3.2081799193070766,3.2388789390057644,171.26078260312883,171.87136774840587,170.03961231257466,148.350324857797
133,8.16822397359845,3.2118806281973384,3.2015045103556403,3.232632863880734,166.66494311228772,163.44176792874043,173.1112934793823,159.13382982793252
141,5.492937849738437,3.2088382476742425,3.1805531993321043,3.265408344358521,170.91582963148957,171.57531005079497,169.59686879287872,169.86102831960002
145,9.179964266287683,3.242229814412653,3.22107538008599,3.2845386830659784,167.43258248585207,165.0522155087817,172.1933164399928,157.62223514072573
146,11.324622658971318,3.205914918672454,3.188369666939127,3.2410054221391107,171.88401800821796,172.2591339774994,171.13378606965512,147.83546464015043
147,9.327663662369778,3.2217221599428707,3.2222154896690514,3.220735500490509,171.10961825497702,172.55333729643303,168.2221801720649,149.34969979885085
148,12.955664493168882,3.19580194476044,3.163641191131655,3.260123452018009,169.69416125323366,167.82003780212938,173.4424081554422,148.38930509632428
149,16.59377559985502,3.200399545455724,3.1925430532691506,3.216112529828872,171.9926524657276,172.90006595525205,170.1778254866786,147.82879467807442
150,9.680439385011677,3.2027073740007137,3.2001279816662147,3.2078661586697126,172.24149438238888,172.39020118077144,171.94408078562384,146.71228543004366
151,10.946038986522385,3.1933681320327953,3.1566239712548807,3.2668564535886246,172.2105291350105,171.7130950100176,173.20539738499622,145.71847370194
152,7.7840188871818405,3.1673065728561043,3.120563070704006,3.260793577160303,173.90261344413875,177.85237439109557,166.00309155022507,173.59240103484382
153,12.96934089281821,3.188013710071583,3.1808243555774713,3.202392419059807,171.924156289404,170.96674701105658,173.83897484609892,146.89696245303836
154,15.698921558437634,3.1649171931136095,3.1371835907686854,3.2203843978034596,170.4206332054471,168.13334936732872,174.99520088168393,167.7974413167542
161,4.773392386009448,3.1945231097116444,3.1882477400882894,3.2070738489583537,172.24448143264877,170.8267597114968,175.07992487495275,169.98571384470296
163,4.6945945900493395,3.2051761335076723,3.2040484340750424,3.207431532372932,175.0705429313248,174.7617729074249,175.68808297912463,163.63272826897588
167,3.6043673271100154,3.2193288280853865,3.240206596128,3.17757329200016,176.34421069065365,175.14360115661682,178.74542975872734,141.78826580938122
168,3.992950476595235,3.1935943188089673,3.1917192857312373,3.197344384964426,169.1204458591435,165.410916276243,176.5395050249445,140.6801963724004
170,10.044397911160814,3.1873234999708555,3.157987090747117,3.2459963184183334,173.7693899870958,176.62313110305746,168.0619077551725,150.29820890212835
175,8.149760618547585,3.1880355452374203,3.1962395822150325,3.171627471282196,175.71207578035833,177.95578029723032,171.22466674661445,164.93863110594748
179,23.82901127916246,3.1720456195563735,3.1672107297887564,3.1817153990916065,175.4769289267913,174.25893116838893,177.91292444359607,151.22390432220874
181,21.85011605287263,3.1972513941320764,3.1632325876203815,3.2652890071554665,178.09267118775486,177.84357213870322,178.59086928585813,145.53853538704652
182,25.996478621311685,3.1780351807421616,3.128880882637272,3.2763437769519412,171.48015320417076,169.09687401893433,176.24671157464368,145.01917451099146
183,8.104935822687718,3.2126581443850966,3.18690716707799,3.2641600989993083,169.33547947521032,167.4594312119012,173.08757600182855,160.37319258558756
186,11.778144751186685,3.2918094677695664,3.2770229690056265,3.3213824652974457,179.98488904685325,179.98569686838022,179.9832734037994,152.6167158343903
188,5.9016686909593625,3.206405280413003,3.2147880774439,3.189639686351209,179.84326647572934,179.8113559368083,179.9070875535714,141.49000084449142
189,16.006031959984234,3.1828127667950543,3.183408289054669,3.181621722275824,178.11263500133143,177.21754606929585,179.90281286540255,152.5605122701192
190,4.28564161173373,3.1956722213478486,3.188596704006156,3.2098232560312345,175.91483931530317,175.57089437899236,176.60272918792475,161.3753273821325
191,5.550800324853533,3.1889769515643103,3.180886529484554,3.2051577957238218,174.95678337618563,176.7552164798599,171.3599171688371,165.05392597103986
193,5.576793509632933,3.2091602405984028,3.1980636649792937,3.23135339183662,174.18196146893285,177.59939591821924,167.3470925703601,150.28834726854132
194,5.450046285637352,3.194488260841266,3.1991770567345625,3.185110669054673,173.83661464389021,175.45708419170649,170.59567554825762,162.19660799827568
195,8.4722980769204,3.2829153718533988,3.3174348934657916,3.2138763286286114,167.75256271890203,170.62111085924192,162.0154664382222,147.0261946895315
196,10.21231048850774,3.2091588761348544,3.214654392370283,3.198167843663997,173.38533733842795,172.5878276804042,174.98035665447546,151.37607129033069
200,15.675070354840843,3.2274913029038,3.2353926995269746,3.21168850965745,173.01411236139015,173.87462240271145,171.2930922787475,147.74291984565534
201,13.77367588075006,3.156379051037709,3.1374322482575097,3.1942726565981063,176.42906139428854,175.99652842061028,177.2941273416451,154.61854102085817
202,9.746231762541505,3.1749666870762687,3.1721224621556314,3.1806551369175415,175.24323179341863,176.7268403769765,172.2760146263029,163.64104245665175
203,10.647830842923549,3.1960234487129853,3.1858336707296298,3.216403004679697,174.2513115246223,172.8319984827636,177.08993760833974,149.5794337650865
204,9.760133395398192,3.2176826501339577,3.207470165357564,3.2381076196867458,174.8882925528825,176.69665888458832,171.27155988947084,151.16317479092538
205,11.824499072288132,3.1810842963752592,3.1811225574336692,3.181007774258439,174.4967911019007,174.13761895457975,175.21513539654268,155.71689359608126
206,19.417851477396567,3.2063838575936607,3.2168582324458836,3.185435107889215,174.75970481369805,177.39297994921253,169.4931545426691,156.01374576991685
209,14.817206915436548,3.2009053121542834,3.161814622991364,3.2790866904801215,172.04917087259415,169.576648648358,176.99421532106643,146.71150472858582
211,6.861142346115544,3.203454626437971,3.1952779477141906,3.2198079838855325,172.69188835534092,176.11248168469072,165.85070169664135,157.5332667567842
212,4.056268902032549,3.2796324028874664,3.3051650954784497,3.228567017705501,167.2791929702289,167.0912108493609,167.65515721196493,157.07957997670587
213,4.049659455979516,3.245106814056038,3.2626640476129993,3.2099923469421157,169.28340616356755,170.08070728911775,167.68880391246708,159.77777757655093
216,10.254570888214266,3.215451437103154,3.2242737777474915,3.1978067558144803,174.50274890253652,173.81159682783095,175.88505305194758,149.317427346521
217,10.289017536713859,3.2086387519055974,3.2036446221075527,3.2186270115016855,174.43891480001264,173.31124905971558,176.69424628060673,146.60766233110812
218,4.070940149297907,3.207143802264229,3.208779145624465,3.203873115543758,169.64526522952153,169.7246505165349,169.48649465549482,169.58329950065132
220,6.3413703519582345,3.2710384152654797,3.3102328446429254,3.1926495565105872,167.76913560403318,168.43804951251153,166.4313077870765,158.250385113354
221,6.556884941392558,3.339499315095955,3.4119419784500744,3.1946139883877174,169.8077761606853,172.52133454105916,164.3806593999376,148.86575040109489
222,7.177300227012132,3.217595043675718,3.216707875135215,3.2193693807567225,172.23490916195476,172.55546913160384,171.59378922265668,151.81174826624692
223,10.076520515206997,3.222080014024231,3.2128339944936,3.2405720530854953,169.20667535127572,171.06106960619732,165.49788684143243,150.28500440960823
224,8.19611774531262,3.2067178266099217,3.1895495168165993,3.2410544461965674,165.66835361665824,161.57368145708836,173.85769793579803,158.29073595191988
228,5.849498099781188,3.2650975432402056,3.3006890450654236,3.193914539589769,169.48385506416835,170.5000533675614,167.45145845738224,159.45628124623556
229,6.1190113632100775,3.2814879681324274,3.312346793061178,3.219770318274926,169.7969741439635,171.97216285542277,165.44659672104493,146.97442400281585
232,15.586943288161255,3.19185619437461,3.1633451511820514,3.248878280759728,170.08286922322392,168.4785674095387,173.29147285059435,156.2465433950012
233,15.541060697745671,3.1893115236818175,3.166595218838366,3.234744133368718,169.6146761813816,169.06603807943577,170.71195238527332,146.51767936777895
234,9.555349332541063,3.258732536391958,3.276613262318241,3.222971084539393,170.90517490658544,169.48382532106325,173.74787407762986,144.6345988816011
239,21.478253323079116,3.191751013895652,3.1721077439508782,3.231037553785199,172.70233232220298,171.64222119255123,174.82255458150644,145.68608795374047
243,13.835141434701633,3.228982955956342,3.2164910965131934,3.253966674842639,169.2620273139264,169.12981897337175,169.52644399503566,145.53560016171997
258,7.730998345539297,3.2224631776754724,3.205215296521557,3.256958939983304,168.20454335453115,167.0210748304878,170.57148040261785,159.70818757358842
260,7.468340010397952,3.2060488846674455,3.173630746211953,3.2708851615784305,170.41231779572323,170.0940045811903,171.04894422478912,168.31366769880788
262,7.534026532409756,3.2177770147242435,3.2146180771729407,3.2240948898268496,169.2135002895843,169.1869665539137,169.2665677609255,163.18880135266284
267,10.863158858095755,3.2089615428463447,3.1874887640363654,3.251907100466303,171.3207913867898,170.00567498875017,173.9510241828691,146.71463770007648
269,9.586164625271437,3.2326936502549075,3.230697019604004,3.2366869115567165,169.64496721542974,172.41796976802027,164.09896211024875,152.2745129391501
270,9.903788214343328,3.2169440798271975,3.2074563026912104,3.2359196340991714,173.5725541865365,174.5163995995535,171.68486336050256,150.9743807815525
271,9.251163981734598,3.214181199048888,3.217271753094047,3.2080000909585706,173.31229028196913,173.7990681331138,172.33873457967974,153.11044025111067
272,10.0251206463868,3.218909786821905,3.2310147082129337,3.194699944039847,170.1340111660625,169.22525128515127,171.95153092788487,150.76993207086994
273,9.603984285395304,3.211131707537142,3.210883781128471,3.2116275603544855,171.04534662164622,172.03105956601192,169.07392073291476,149.15799382395707
274,9.349867861824304,3.221231206234307,3.2275249312115566,3.2086437562798076,172.2577203206703,173.25633760657598,170.26048574885897,150.01181372334088
275,9.338908200799079,3.2172201606260944,3.2187028261839847,3.2142548295103137,174.60412592778167,174.5427167452861,174.72694429277286,148.66875023650687
276,7.441731443800758,3.220523134740858,3.2297714265410002,3.2020265511405728,173.59367754148022,173.19168447981352,174.3976636648136,153.60977487650993
277,7.518307780765486,3.218347826429744,3.213104664375439,3.228834150538354,169.0307203492765,167.03869270227233,173.01477564328482,155.50435850416935
278,8.176953805235286,3.196339972821009,3.187407074731846,3.2142057689993355,175.4486790039598,174.34388675921235,177.65826349345465,149.28004743197027
279,7.215579288201629,3.2470921305483524,3.2664993166798197,3.208277758285417,172.65474512210383,171.84045033758088,174.28333469114972,150.4534044838387
280,7.390164147231318,3.2680007510636937,3.3038364183323847,3.196329416526311,170.99937533655861,169.76227175037877,173.47358250891824,146.35726218975395
281,7.007592131996146,3.196430242018535,3.1867972017422828,3.2156963225710378,167.3564774061551,166.09848683869075,169.8724585410838,156.00168358008835
282,6.986572840717148,3.199143693774895,3.1855554816347738,3.2263201180551375,167.55234001840057,166.5487487496872,169.55952255582736,155.20999944537968
283,4.6742624504991,3.211958001727414,3.2109304689996856,3.214013067182872,167.25314291630352,166.11077065380533,169.5378874412998,155.21767880613186
284,4.825615709351975,3.2150014686014914,3.211532664499943,3.2219390768045884,170.50974439490858,171.19287132689175,169.14349053094222,149.91757940205642
285,5.485268417020107,3.2076904393500065,3.190136348098749,3.2427986218525238,171.09809898497267,171.7229923648049,169.8483122253082,152.0979550584322
286,4.857475645344709,3.263876302895367,3.2942714054227444,3.2030860978406106,174.09751368909164,176.4089018148722,169.4747374375305,150.50783570208648
287,5.921755986501569,3.2599098972223817,3.2963766289962106,3.1869764336747233,168.3500316224088,171.59482646766014,161.86044193190614,154.50162620886832
288,5.873488070307805,3.260046772167739,3.2943380689042288,3.191464178694759,168.851292702726,167.58238055711593,171.38911699394617,153.32178843171945
289,14.26886804925677,3.2263050920665814,3.2342343706696135,3.210446534860518,171.4067069398641,171.2583196074141,171.70348160476408,146.02077942176416
290,14.435259701398419,3.2055169506890393,3.1964175785154776,3.223715695036162,166.75329832839597,164.81203343690152,170.63582811138488,159.09513966266945
291,12.724339550938932,3.209417193736092,3.1872626583891046,3.2537262644300657,168.8016508920991,167.1108160018954,172.18332067250654,150.09377609925224
292,12.32511676873671,3.2364333074444143,3.2431174014835356,3.2230651193661704,174.15989332454538,173.01969949068243,176.4402809922713,146.01649367926294
293,11.767293422919568,3.185194475221774,3.1628007619938994,3.229981901677524,167.1716562874877,165.2929650074655,170.92903884753215,155.28950131639613
294,9.390600704920509,3.1949217554343297,3.1887230039074836,3.2073192584880217,165.94599623918737,164.35885298204903,169.1202827534641,160.8860583424107
295,9.699051042481834,3.261221936935749,3.286989114816129,3.2096875811749896,168.01815523122426,169.10418121101844,165.84610327163597,149.02360385332258
296,10.400526662676075,3.190921969656505,3.1658794374599193,3.241007034049678,168.03804927485552,166.54550835848767,171.02313110759124,153.816321618757
297,10.476592775506523,3.1866095826552043,3.159545588577842,3.2407375708099275,168.68301268638456,166.56772778611972,172.91358248691424,157.96827195769248
298,10.828492009271546,3.205112690763825,3.1801592388747664,3.2550195945419436,170.8629595213806,170.18191698219601,172.2250445997497,145.5665277941087
299,10.763312479733408,3.248338865189383,3.264197800101967,3.216620995364215,170.22978298519988,169.64801607571758,171.3933168041644,153.38646097993546
300,14.015943190110955,3.2189432118190395,3.206294816432509,3.2442400025920994,165.33234810681205,162.87912659192034,170.23879113659547,157.22101699457306
301,14.301398783144808,3.1944622676453918,3.1974164967090344,3.1885538095181087,170.22677739234817,170.5822703232145,169.51579153061556,145.80476770437662
302,13.54556481807869,3.2043185901459936,3.177971344924765,3.257013080588453,170.9168613647959,171.0533490524311,170.64388598952553,146.82265408256143
303,13.39215545706014,3.1962219628933233,3.181796552842415,3.2250727829951407,171.42090881500783,170.05504652197425,174.15263340107504,155.49086317658444
304,13.284835942731421,3.3376605173925102,3.387406068532403,3.2381694151127247,163.44070639824744,167.85257878607365,154.61696162259508,142.35366810092168
305,12.030091120172733,3.193992517391758,3.172714482709079,3.2365485867571158,169.73589164541787,169.94163793623886,169.32439906377587,163.64240206370653
306,12.036134516095444,3.265816896786928,3.293319499145337,3.2108116920701093,166.29299273295277,166.7407630760255,165.3974520468073,145.71000989114984
307,11.26702333204527,3.216801155286975,3.2257298368487177,3.1989437921634902,171.99311006685227,171.9020703628854,172.17518947478598,149.97939828167716
308,11.3609744263184,3.1864987015347537,3.1727057288381353,3.21408464692799,167.58427012841835,166.25807964902356,170.23665108720797,152.77256415134372
309,8.81420817076283,3.2052370896433544,3.218299596181316,3.1791120765674314,167.6588189149643,168.9994550763899,164.97754659211319,160.36170069397184
310,8.503125426467918,3.211078533514447,3.1786284973883254,3.27597860576669,166.8149799975801,166.6783184318295,167.08830312908134,162.14058631865362
311,7.7544916022059915,3.394932914452518,3.49570086049171,3.1933970223741337,159.96902109376114,163.39323772811372,153.12058782505596,151.7407857493127
312,9.43884066484862,3.2694987894021694,3.293875612187273,3.220745143831963,174.4080127270288,173.93940142819685,175.34523532469268,148.4474817320767
313,9.862666877407783,3.2092508875223733,3.199385570523069,3.228981521520982,171.28297326428833,169.3817870307558,175.08534573135344,157.2988098574982
314,10.163522709569694,3.2126088041322656,3.2180581972276245,3.2017100179415467,173.35558153118643,173.54161679044176,172.98351101267582,148.12028161644417
315,10.067879151338373,3.21724855339477,3.220624261931685,3.2104971363209396,171.147690857306,171.50449550598617,170.4340815599456,150.10580261939018
316,9.85555008490396,3.176483146940494,3.1473707653565786,3.2347079101083254,168.74532219616933,169.4750944236897,167.2857777411286,163.5931283896086
317,9.961974557562687,3.2150423054638004,3.208502305777411,3.228122304836578,171.53633719407415,169.64943587930227,175.310139823618,149.4326831239825
318,10.069655344178347,3.2141359316596017,3.2288221262074015,3.1847635425640024,170.05199743412035,169.36122471153942,171.43354287928221,157.42860746708092
319,10.038839025834854,3.224707698005844,3.217610157114819,3.2389027797878924,170.61547910398235,171.64618781633726,168.5540616792725,147.5841442823574
320,10.4502355965628,3.2840295130657373,3.3359043884076534,3.180279762381905,169.43553504291313,170.98162956667377,166.34334599539187,153.88354874618386
321,10.496452596867861,3.2180925701691208,3.2236219421650234,3.2070338261773172,168.83113499300268,167.32511818455973,171.84316860988858,165.95647757134265
322,14.325792344616982,3.2040649444968143,3.187201834159299,3.237791165171846,163.1996231475089,160.0366597283923,169.52554998574212,158.72529470872576
323,14.027133906429883,3.2022494012469704,3.190476262159061,3.2257956794227907,169.59882422001667,168.23125245653046,172.33396774698912,147.01203516585423
324,13.726224891218374,3.208339499168652,3.18884815517183,3.247322187162294,167.7356942377161,165.586557458262,172.03396779662427,161.23533087110127
325,13.77524882159147,3.182013695515933,3.1539439439596393,3.2381531986285195,165.2909177656102,162.64548278375577,170.58178772931907,157.67946274244554
326,12.432536357223794,3.2085701929578794,3.2069369907681438,3.21183659733735,168.8749556159303,166.00518738086757,174.61449208605572,155.53894259361059
327,12.593513309253444,3.227107480765874,3.2315746774944194,3.2181730873087835,171.69500326464163,169.95409451192225,175.17682077008038,147.16438003646172
328,12.08334268262059,3.2585089353944086,3.264467912797608,3.24659098058801,165.58856719607567,166.0354123955548,164.69487679711742,148.19330754052427
329,12.401339192785143,3.1962983408927,3.17960454874678,3.2296859251845396,173.20812273719807,173.28590461525198,173.05255898109021,148.2622587792742
330,7.554386245437856,3.2328459766025506,3.2183565168701618,3.2618248960673277,167.2506793911429,166.44496593694592,168.8621062995368,160.00808985718203
331,11.265746573228794,3.1817619816626888,3.1588879609464255,3.2275100230952125,164.52672577610448,163.5585809301988,166.4630154679159,159.29666928165437
332,11.477686218126525,3.1913746907372,3.178977114363036,3.2161698434855257,167.09513778730798,165.5357753008816,170.21386276016074,153.1105566399666
333,9.01531888799503,3.214966044051613,3.2185064679795063,3.2078851961958272,169.3881976757026,171.0618083875439,166.04097625202002,153.93146184480958
334,9.179934262044505,3.2046110401122703,3.204680951111398,3.2044712181140143,170.95411090184768,170.9032990708393,171.05573456386458,154.80413182718038
335,9.355289972308757,3.2193082515896307,3.20364545764988,3.250633839469131,169.5878333131225,169.00069526466638,170.76210941003472,152.7126499507657
336,9.430445463439646,3.232305657863023,3.2309026931702487,3.235111587248571,174.38752257590534,173.44073874796737,176.28109023178132,153.5271645795376
337,10.195534468764606,3.2069772157049794,3.1953460310832966,3.2302395849483454,172.97801519982193,171.68567378181635,175.56269803583302,148.22072142042305
338,9.92349992216053,3.197309953218328,3.1788739625840954,3.2341819344867933,165.68704539625443,161.73861002836793,173.5839161320274,158.31713747299685
339,10.194145081595801,3.19540494223331,3.1680063790903343,3.2502020685192603,170.730853345455,170.67375182957915,170.84505637720667,148.53396446079438
340,9.767370615495656,3.219862792661195,3.230735319878513,3.1981177382265598,172.54434783389385,171.97796732686908,173.67710884794332,157.65673344995795
341,10.053813747702119,3.2051140961809748,3.204283272229045,3.2067757440848346,173.0827861106205,172.6524796730035,173.94339898585437,152.76914670929088
342,10.167657430814572,3.2045471333573783,3.1975835549525895,3.218474290166954,166.98550921514365,165.80499444466378,169.34653875610343,160.80764389215284
343,10.480791006224592,3.282334273060242,3.3324659381211097,3.1820709429385077,167.79337686913067,169.24489310877772,164.8903443898366,150.1763825919534
344,10.361725542181796,3.2390142824181,3.2549170385407438,3.2072087701728114,170.49915505608152,168.14037349811895,175.21671817200664,166.90366117710366
345,10.858714247963018,3.215383464479738,3.205772446847473,3.234605499744267,170.24585049588896,170.3372827579839,170.06298597169908,147.39311161851614
346,10.28065793271126,3.2349118087736124,3.2268799657629894,3.2509754947948584,167.8072111155763,166.52057650729336,170.3804803321422,147.62265397911418
347,8.792257870308553,3.219065067979655,3.237516541722436,3.1821621204940924,168.50587991168197,167.43244629636172,170.65274714232248,164.74500989204665
348,8.533087623880725,3.2673465978615788,3.2830673685617633,3.2359050564612106,170.9538451393179,171.0623147912309,170.73690583549188,147.92260174075065
349,7.485902782286085,3.295887955116825,3.329955145022682,3.2277535753051114,166.6016487819788,166.4792000592672,166.84654622740197,147.88682397761903
350,7.989583585553974,3.202659133645947,3.165174372719083,3.2776286554996763,173.12962478902264,174.6490170268158,170.09084031343636,150.8248294080035
351,8.172009745851486,3.2103521849502656,3.188612392970226,3.253831768910346,173.40695780864723,176.5455299596584,167.1298135066249,149.00131364987186
352,8.023083284888868,3.186406566906058,3.171609723780957,3.2160002531562597,175.88143248244776,176.09529711398022,175.45370321938293,158.54727535747062
353,8.487019781418963,3.201117829367019,3.1911370371090997,3.2210794138828573,173.60664222820358,174.3614095560052,172.09710757260035,149.6177611357649
354,8.70256938091659,3.269747332598236,3.3061933482230534,3.196855301348599,168.77356084794425,169.1323513899141,168.0559797640046,156.43953643693015
355,11.972188723545369,3.2134866157466373,3.2155790019380976,3.209301843363717,171.7768350880309,172.52933236492484,170.27184053424304,149.22234371157703
356,12.043984050191046,3.2571483441688236,3.2709521884715658,3.229540655563339,169.0064349634672,169.91929738646556,167.18071011747043,146.71480545627148
357,10.246257618920142,3.19633326550916,3.1719100202042205,3.2451797561190387,173.26439939272416,172.06799270558145,175.65721276700955,152.93860410930262
358,10.696487256238543,3.1982661724924473,3.1832413527165038,3.2283158120443334,169.98085341054912,170.14811450692412,169.64633121779912,146.50939594214552
359,9.887362044010462,3.1749436503181467,3.1446230348353144,3.2355848812838115,168.20168068822787,164.91788288288961,174.7692762989044,162.6364116940587
360,10.136758254397991,3.382185870826898,3.4476995700766544,3.2511584723273836,161.1464955234434,161.04018476007445,161.35911705018134,142.62102464457922
361,5.2101623692355385,3.231917267039195,3.2198095657854005,3.2561326695467834,169.03660764605903,169.7634836168293,167.58285570451852,167.11061419861772
362,9.02639805609266,3.230345668903371,3.2389935736288216,3.213049859452471,168.27893116016097,167.9717389983772,168.8933154837285,147.7072402026705
363,9.57779146732321,3.225119985016025,3.2246414563362795,3.2260770423755156,169.9091606103834,170.13530404730392,169.45687373654238,150.28643276235016
364,7.07651358434319,3.219137155531334,3.214870929701052,3.2276696071918987,167.56098468295804,166.10724065025425,170.4684727483655,153.14612850044358
365,7.220310601782996,3.2236358178569575,3.226478677814923,3.217950097941027,166.9677350579926,166.524198424985,167.8548083240078,150.4112991628431
366,6.04652931203899,3.3967594892807846,3.487466577783792,3.2153453122747697,165.03142479102692,173.1423722448821,148.80952988331663,153.7206907592356
367,7.997260137836516,3.1895883138505474,3.1626654209678997,3.2434340996158424,170.88009826297312,171.05130072387985,170.53769334115972,158.31953303984102
368,8.36852565515066,3.2122571457123144,3.197412330395704,3.241946776345535,170.04129297995686,167.5986041571949,174.92667062548077,148.17882295409126
369,7.92394579865433,3.211243997824701,3.1893399277353565,3.25505213800339,171.85511502321637,172.3330534080891,170.89923825347094,149.57963174238563
370,7.41775722857555,3.2802399310839796,3.2969562754115262,3.246807242428886,174.6722518701968,175.99220533698448,172.03234493662143,149.89774121465774
371,8.277794043047253,3.206270069247017,3.1923324989242747,3.2341452098925014,169.517052096168,168.53202415968278,171.4871079691385,155.1255513799691
372,8.491296587616192,3.2210712190886657,3.2102880962062716,3.2426374648534546,171.7539312630402,173.4056496275265,168.45049453406764,147.48770630698132
373,8.093307392653543,3.238717586538575,3.253844692470548,3.208463374674629,173.56898836686685,172.63703852624593,175.43288804810865,148.6794263944259
374,8.405839095319571,3.2615260207294106,3.2673814065027544,3.249815249182724,165.64366890824678,167.09553191961038,162.7399428855195,161.42139099732861
375,8.706484672255481,3.267384076508923,3.287422945104482,3.227306339317804,160.7502718532747,159.53865369342958,163.173508172965,152.02233030102357
376,4.169250571685993,3.225266028703732,3.195557485287098,3.284683115536999,174.96813535086542,175.45509451771312,173.99421701717012,145.02853592143765
377,4.343206141908205,3.223317027681263,3.2153905179810183,3.2391700470817506,170.40172903860045,168.45000592183544,174.30517527213038,146.41501851377893
378,4.101177833321607,3.2377927237757262,3.221919921373426,3.2695383285803263,173.36366665453681,175.42724085975476,169.23651824410095,148.44182941360268
379,8.16449147685113,3.206034070729315,3.184583570318285,3.2489350715513767,171.05965167780292,169.19400026023624,174.79095451293625,150.7614749767614
380,6.026088065387496,3.1778584766535865,3.186083624310763,3.161408181339233,175.42910888207425,175.65807835952393,174.97116992717488,169.45522018729176
381,6.720004414930834,3.2564928716400523,3.2643424788896116,3.240793657140933,167.77071138594377,165.61987441139934,172.07238533503264,151.14790837705198
382,7.233781477435686,3.205200654378111,3.197194149164302,3.22121366480573,171.48595568163913,173.40298974859394,167.65188754772953,157.09479334335052
383,7.320727345364533,3.194594286405335,3.181998197339871,3.219786464536263,177.23343579593202,176.5076041578908,178.68509907201445,151.1514874887051
384,7.436786275327059,3.190932301903493,3.172256037238659,3.22828483123316,172.1046528059131,174.21561376866157,167.88273088041612,156.7285210304864
385,7.683693066830153,3.1811365257776587,3.1652325291048635,3.212944519123251,168.91999039939734,166.99807884037176,172.76381351744848,153.6341417049606
386,7.547510585737985,3.2062216961854766,3.1960477345746043,3.22656961940722,172.95222021238303,174.55004222994805,169.7565761772529,153.72959542660033
387,7.582108571676799,3.1981301621764686,3.207481715150746,3.179427056227914,167.5895385557308,165.05085044741043,172.66691477237168,162.2341235952827
388,7.888318726504879,3.234261209829795,3.2437568577925107,3.215269913904364,169.26981510541077,171.0638112216651,165.6818228729021,150.18304474410402
389,4.998040320092505,3.1898435640243092,3.1834374593146935,3.2026557734435412,179.86571316235984,179.84515012014498,179.90683924678956,152.4097370115847
390,5.420769447067746,3.258048071567998,3.284707912066363,3.204728390571267,168.24406731156958,168.84806652626233,167.0360688821841,150.12145399137876
391,5.845163839581032,3.248822810326829,3.26611019514816,3.214248040684166,172.7400937233924,171.76101086618084,174.6982594378155,153.69533169303605
392,6.06840429103217,3.2618812380048112,3.2904049477474286,3.2048338185195755,171.49107805923802,170.39116649689436,173.6909011839254,148.9269333606581
393,6.044280268605097,3.256630256425364,3.2896787693219434,3.1905332306322047,172.836227792617,171.46694715156286,175.57478907472526,148.14588490017735
394,6.241256652349156,3.253942381913848,3.2746376348929287,3.212551875955687,163.64693371382683,160.24796834979944,170.44486444188152,151.6489915245168
395,5.45026914123889,3.2274852745308453,3.2104671286631916,3.261521566266152,179.1905453243908,179.0949694227078,179.3816971277568,146.92619956543817
396,5.8765198202709445,3.183451204539908,3.16885229873808,3.212649016143563,173.03838348751398,172.44913424216188,174.21688197821817,163.1648451322275
397,5.986953800782031,3.198715079779704,3.1731467974954413,3.2498516443482295,174.67229350992025,176.55651168212708,170.90385716550654,150.7898982206237
398,5.918015146714388,3.226184592564259,3.2198857863732413,3.2387822049462947,172.62896494475936,175.09644861618168,167.69399760191482,174.30793492835681
399,6.120168310958958,3.2133934372659447,3.2107744907064957,3.2186313303848433,167.3328354492019,167.40912930920615,167.1802477291934,164.44360738664872
400,6.126001066352073,3.2421737848340055,3.2357257325245854,3.2550698894528454,170.97943518469432,172.51451154888093,167.9092824563211,149.10731700920667
401,6.318452581153922,3.255242373146395,3.294216009654231,3.177295100130726,168.20702724214058,168.24788379315706,168.1253141401076,156.46958603876536
402,13.525888194935536,3.1724973666941643,3.145609996047755,3.226272107986983,170.60584576311894,168.86541879929456,174.08669969076777,163.92356199426155
403,13.39292971439339,3.1993137236884546,3.1872420061415463,3.223457158782269,171.54735372299422,171.81780038594172,171.0064603970992,148.6369948027678
404,13.385708711736925,3.2392438413162314,3.2460594436732757,3.225612636602142,170.49051592189812,171.71682402366432,168.03789971836568,143.73826328474607
405,12.862392127213345,3.228777655202483,3.2197342353276888,3.2468644949520717,165.33590426485452,163.811461164695,168.38479046517358,156.62912060010427
406,13.412933512420725,3.1939547266788364,3.1801075884245327,3.2216490031874443,166.27555470466947,163.67983008841725,171.4670039371739,158.3564458581252
439,3.6970222117533744,3.220643773394647,3.2364125958809766,3.1891061284219875,175.00251867411524,173.80187499584568,177.40380603065444,136.09111037112402
440,4.099182114009006,3.2141319590140895,3.212153607533244,3.2180886619757807,175.41443223723437,174.36552992536093,177.5122368609813,144.38369013639195
441,3.970011471093647,3.2177491301982144,3.197150719856186,3.2589459508822705,172.6735528812536,171.82959655522563,174.3614655333095,145.01179107100234
461,14.333334487605383,3.227908307656581,3.2393862509740723,3.2049524210215994,170.9981112055642,170.70804666839607,171.5782402799003,152.15888611706276
462,14.024685187476793,3.216128740675893,3.2306377972768656,3.1871106274739462,170.27161730225848,170.87544733290088,169.0639572409737,147.24312633510948
463,14.04178420442146,3.1949888275246217,3.1870489125973567,3.2108686573791525,170.77730084259997,169.56091163176774,173.2100792642645,146.85336589373748
464,13.449944990029419,3.2776834899518277,3.30766049565646,3.2177294785425627,165.12438716658863,167.21044108754734,160.95227932467122,149.01579754456918
481,13.420379207057684,3.189541487814321,3.178645890773087,3.211332681896791,173.69856081009934,173.18806077505613,174.71956088018567,147.59779813853186
482,13.251940632698561,3.23757819316854,3.2419460221928422,3.2288425351199352,169.96022058668282,170.97918533146085,167.92229109712676,146.01520461197077
490,13.738233259056724,3.2018293255663237,3.1954510722242873,3.214585832250395,171.59426740045663,170.22132694303656,174.34014831529683,148.96524337637226
491,12.696631799437984,3.2866379949945252,3.308481211587101,3.242951561809374,169.15137103141808,172.25417298850783,162.94576711723857,145.13396811878607
492,12.982712965433072,3.173572860421885,3.143517312248048,3.233683956769558,171.50493350539367,171.87794433611498,170.75891184395107,164.6271195730991
509,13.57436881823967,3.2040193132937063,3.192204424826542,3.227649090228035,169.14258440007174,166.806625382507,173.8145024352012,152.86659567562614
510,13.238936082110207,3.236333525936067,3.2435678104122996,3.2218649569836,170.43768300568698,171.9354872277584,167.44207456154425,148.5772472780913
511,13.20163365744521,3.222623393602735,3.217193904032255,3.2334823727436963,172.06727982594057,171.2025096110655,173.79682025569082,149.40735775327573
634,3.648323679036544,3.2049820661508064,3.2130428287007504,3.188860541050917,177.85051198950063,177.64520211303554,178.26113174243076,153.41686486044955
635,3.940348139388413,3.2139043858895917,3.1895173995184276,3.2626783586319204,173.69878251990465,173.44373879607997,174.20886996755405,144.46625835424504
638,3.572265975946861,3.217235242560521,3.2291145783601,3.193476570961362,177.13352783157782,176.5419610858196,178.3166613230944,137.15974377480507
640,4.065745215537655,3.214850366977037,3.2057248194237538,3.2331014620836047,171.47222775859996,170.0568563542367,174.30297056732655,145.4501747200842
641,4.030214129823637,3.201934941547247,3.2011450367112153,3.203514751219311,179.0126319917596,178.85528026055195,179.327335454175,143.26547543296402
768,13.028708376946916,3.1583438444614145,3.1415085394283393,3.1920144545275644,176.08008041498803,175.30514995245426,177.62994134005547,162.50418299985617
942,13.370367911581472,3.2059678491212438,3.1785727849483467,3.2607579774670383,171.1558541913183,171.3704302125414,170.72670214887214,147.2392567443088
979,12.508982985275889,3.164118323700188,3.14809890613502,3.1961571588305238,172.08957810205558,171.23207516943722,173.8045839672923,156.95827068360558
1190,12.51460190842755,3.169146564616801,3.1600118084439304,3.1874160769625433,172.0540693483276,170.29613658836,175.56993486826278,159.88263251576507
1204,12.77023004704396,3.224856766145688,3.2152098975228256,3.2441505033914115,170.86158783866497,170.8099228415701,170.96491783285467,145.89016708108917
1212,10.992985409723625,3.195892199290346,3.1770307791180405,3.233615039634956,170.02073612971256,170.29077288456915,169.48066261999944,158.40124004093317
1667,3.8305256773939513,3.1703457245933677,3.1714006285722802,3.1682359166355423,173.25422187025677,171.36378855297258,177.03508850482513,142.18254992136954
1668,3.7749336864227026,3.1918662969734775,3.198284645213369,3.179029600493693,170.81226606359735,168.31047128637323,175.8158556180456,140.6215805661339
1672,4.0023884854405996,3.222058432937704,3.215603959651242,3.2349673795106266,173.33995863997606,173.11009916598368,173.79967758796073,153.69791802460892
1673,3.8073731450275794,3.2012980340738806,3.200922160533335,3.2020497811549724,175.78750516611782,175.2912966107276,176.77992227689822,152.89087634046084
1674,4.009112451617778,3.1953990767190597,3.1766620713323825,3.2328730874924156,174.52235994081107,173.27021740913935,177.0266450041545,145.38688428854388
1675,4.017634685270756,3.186845527413293,3.172148591676981,3.2162393988859157,177.81109908006886,177.17214766790744,179.08900190439172,145.82054311414834
1676,4.566053148161128,3.199146924385374,3.1792906064334714,3.2388595602891783,179.61782683960658,179.61847817895963,179.61652416090047,143.6723884461328
1678,4.04035253239384,3.1799710996003334,3.1614793893851254,3.2169545200307486,172.9960995994345,170.55415771574977,177.87998336680394,160.10224515622122
1680,4.048260724356652,3.216290648895331,3.177904525730316,3.2930628952253604,175.56220187171823,176.1958022537262,174.29500110770226,144.97263335586226
1681,4.185320603445023,3.2090306264020536,3.1954752025798077,3.236141474046545,170.92923447949127,169.9128712136585,172.96196101115683,145.96545958636813
1822,8.422038309223524,3.2640497589739055,3.272216597904135,3.2477160811134462,169.00662356110874,170.53211817782417,165.95563432767779,145.56850467529998
1823,8.620662967092713,3.2355468870227626,3.243570142329868,3.2195003764085515,170.590785919382,171.50879653993067,168.75476467828472,146.95894752984373
1824,7.985132211219096,3.1755917321674807,3.157269290435316,3.2122366156318094,173.66790357759518,173.76375531526338,173.4762001022588,163.86593191259385
1825,4.172487378705599,3.27854892495446,3.2836535273807415,3.2683397201018964,172.2482802802331,174.0364920978583,168.6718566449828,150.13478194844438
1826,7.673103103356386,3.208714937584677,3.198950326150923,3.228244160452185,167.12510496723232,165.93270738695423,169.5099001277884,152.94740537111142
1827,6.9972075058801,3.243825095774407,3.268667903410984,3.1941394805012537,168.13898684291948,171.63848566955755,161.13998918964336,156.86944707389964
1828,5.196775511679437,3.2217536039681125,3.2326319319866843,3.199996947930968,164.04439656225858,163.37357096782432,165.38604775112708,157.36183481344847
1829,5.130786864790068,3.234681731125663,3.2485072076720627,3.2070307780328626,168.76561836967218,168.41992034928268,169.45701441045122,156.57835204589574
1830,4.621999528207895,3.3493819980127117,3.4708698481643765,3.1064062977093827,169.7677280908045,170.50578638310907,168.29161150619532,142.31767412856445
1831,6.023965744255289,3.3415128928703353,3.425189150804579,3.174160377001847,166.960600723333,171.05252753950123,158.77674709099648,148.60615926640784
1832,6.176762840704615,3.359740570390102,3.4397250082480935,3.19977169467412,165.94573570779474,165.31902457785648,167.19915796767128,146.08511375362502
1833,5.956556846597705,3.1899178677435387,3.1923740324582655,3.185005538314086,175.6068613638821,178.61392503987923,169.59273401188779,157.34092204831865
1834,5.855687001759285,3.2351670222770856,3.238522222442552,3.2284566219461532,173.9649537757708,175.51184273630105,170.87117585471017,156.49080287475692
1835,5.918014132317962,3.2182758726032064,3.2006819444060186,3.2534637289975814,174.54959958054243,175.7926606722811,172.06347739706507,152.42864934356913
1836,5.7661127077304695,3.1732741907119117,3.1519558493137594,3.215910873508218,173.5332949138498,175.3571638835,169.88555697454944,169.29221954485564
1837,6.398407969332306,3.235610887428045,3.2583315309154237,3.1901696004532862,172.98892261179142,174.99050935854473,168.98574911828484,151.550465535256
1838,6.424054038184662,3.2261379098577003,3.2386296238248544,3.201154481923393,173.61294821565897,173.57670055561977,173.68544353573733,150.22554200132788
1839,6.538119685734355,3.2069398181135185,3.2119623229024854,3.1968948085355846,171.9613830757206,172.17952034852289,171.5251085301159,150.4930283909145
1840,6.62439337042485,3.2813066660640846,3.3096627331765083,3.224594531839237,164.24163927017852,165.64114928887383,161.44261923278793,161.64736664665688
1841,6.703500622173846,3.2832268930816597,3.3159108763095215,3.217858926625937,164.50531388489574,164.94200715128758,163.63192735211206,159.25724036177516
1842,6.86240819478571,3.229259821304808,3.250358352614099,3.187062758686226,171.15959911107555,171.0780194223452,171.3227584885363,146.9767459339062
1843,6.387174246513172,3.219789603628507,3.23380992021658,3.191748970452361,171.443038674223,170.74464870324178,172.83981861618545,154.41663658674753
1844,6.440132054933793,3.222385997132001,3.2376836326063105,3.191790726183382,169.39737591419717,168.0624102120061,172.0673073185793,154.28161143131678
3410,11.834111834720478,3.1573931057525684,3.1405384474194955,3.1911024224187137,177.2611850260836,176.78790143156397,178.20775221512295,163.5154364488709
3782,3.586365490002877,3.2131608200620594,3.222963820492318,3.1935548192015415,173.05145321180285,170.78288676201993,177.58858611136873,141.80368140965885
3783,3.5513862840646446,3.2245086996574046,3.2377879684089477,3.197950162154319,173.9882387319267,172.94089307502117,176.08293004573787,135.57992317842024
3787,4.046962233317546,3.1995130307572155,3.1861447448953286,3.226249602480991,179.08908775365617,178.98658496707478,179.29409332681908,143.10008211853838
3883,4.100425080212233,3.1864219120267463,3.173137011682592,3.2129917127150556,176.5451463277744,175.6406069158213,178.3542251516805,142.93862228765295
3884,3.892178584649171,3.216092898501975,3.2001421239087744,3.2479944476883773,171.3877458561609,170.432685598395,173.2978663716927,144.18478358144344
4302,12.318593993210996,3.1799966861485953,3.171703092605779,3.1965838732342284,168.51828142966804,166.48025207245414,172.59434014409578,159.98005385440982
4330,11.263084273188191,3.185143942977085,3.164085389738899,3.227261049453455,167.75561631290628,167.15913541897666,168.9485781007655,153.4581595845753
4680,12.027067296292707,3.1673708882084592,3.1431251416705512,3.2158623812842744,170.07140924116354,168.45826157562192,173.29770457224672,155.62729618101395
5127,11.91854528915669,3.17152125210271,3.1533315650857983,3.2079006261365315,168.6331793491679,166.00258885008571,173.89436034733228,158.04949960920055
5665,11.758438360209313,3.166691361551624,3.152255708892461,3.1955626668699493,173.60667250451863,172.295511207279,176.22899509899787,164.0429806005017
7959,3.6790195177409473,3.2154153334859124,3.2316262477310365,3.182993504995663,176.35602188949778,175.43958025585084,178.18890515679158,135.50669197015387
7960,3.333278296065682,3.220097895573838,3.235892730497892,3.1885082257257302,175.66956929988476,175.3721147233254,176.26447845300342,142.70474051985548
7971,4.009865374549717,3.2146309434357363,3.186782322896542,3.270328184514124,179.78743376881826,179.79249600097776,179.7773093044993,143.28570167314186
7972,4.026326206368224,3.2063189875318194,3.205382939384999,3.20819108382546,170.24976492902462,169.1242398593212,172.50081506843142,143.63798450455243
7979,4.018528133379304,3.1947333265861353,3.1747752356812033,3.234649508396,178.26678938301538,178.10688974612845,178.58658865678927,142.25961527299137
7998,3.6014760409852844,3.216080951926969,3.2328129703128536,3.1826169151552017,170.71517845137922,167.08485166975316,177.97583201463138,135.25279005618097
7999,3.450823179856423,3.2160963135074034,3.2304768682538487,3.1873352040145146,174.52947473970997,172.73445468655527,178.11951484601943,140.45200621029997
8014,4.059475896349214,3.1858781878480897,3.179594511059083,3.1984455414261026,176.88538885950166,176.36054453657155,177.93507750536193,142.19529765754356
8401,3.9873351322988713,3.217153615672269,3.2030345953825234,3.2453916562517606,174.2626469613227,172.3488691259561,178.0902026320559,142.17919597765876
8412,4.008437811213562,3.1902192500407764,3.1706425085518877,3.2293727330185527,179.54223213276478,179.5345863766091,179.5575236450762,142.57924385422007
19514,12.169704339179974,3.2343760075442654,3.211939118881127,3.279249784870543,167.36896466836887,168.28296286386464,165.54096827737732,162.44059983919252
19521,12.346300967230627,3.14147630470764,3.1163429013359467,3.1917431114510277,172.3629279675636,169.6750458998157,177.73869210305935,168.1833095628028
19522,12.246006930339583,3.1917243173761363,3.187557304607577,3.2000583429132536,175.4651867133289,174.52728439311443,177.3409913537579,155.3702439620451
19710,13.726466452737164,3.1731226545011544,3.1401165272275775,3.2391349090483086,166.09126671153615,164.01621428093634,170.24137157273572,155.31820724501625
25870,11.862820110295267,3.2216083053319,3.2044832475778886,3.2558584208399224,174.14051611153232,173.51382229455874,175.39390374547958,151.21110590973234
25881,13.698193593835175,3.1855346719666464,3.1613273404637154,3.233949334972507,167.99274644076144,164.82295201360296,174.33233529507845,153.7788648188222
25887,11.929070232818374,3.2446725857770264,3.2778951015874602,3.178227554156158,176.28042167008974,177.17385589168265,174.4935532269039,145.35415073400196
25888,12.442221006085857,3.1751874138126936,3.1598375843990083,3.2058870726400643,173.80521444220912,173.08019511002732,175.25525310657272,155.1913442821572
26060,12.216586246901947,3.1987422960861074,3.1716007545739933,3.253025379110337,172.31143140366467,174.7170072221467,167.50027976670066,163.85332063335085
26061,12.3921523246475,3.1946964107094047,3.17101715581802,3.2420549204921754,170.73404800768074,170.04117938172573,172.11978525959077,149.4927182971637
26099,10.338605418471229,3.2099675584982736,3.1960493189740684,3.237804037546685,168.63775538836427,170.0930265833151,165.7272129984626,158.39684784034566
27256,15.164622071065752,3.2187936342115493,3.2060508135693278,3.244279275495992,164.04255672835674,160.62211523566256,170.88343971374516,157.30658041707932
27279,15.108808578624933,3.2094094642474347,3.1956486975158445,3.2369309977106164,172.81993096117768,171.48489097327604,175.49001093698098,147.44138917808993
27280,15.150222151380344,3.249593960708822,3.2391045152629743,3.2705728516005164,168.1864683109754,166.23668882274313,172.08602728743998,149.33946249188207
27281,14.883109122869508,3.199421967583882,3.182013113411589,3.2342396759284666,178.09840135320292,178.26520632334478,177.76479141291924,146.7848846186032
29466,11.84955586516739,3.2221750452512694,3.217232001747827,3.2320611322581536,172.7839601205159,173.1863213979437,171.9792375656603,149.69600103051135
33135,11.992839258584388,3.235124027484295,3.2347083911756087,3.2359553001016694,167.56696635719473,166.59972383788477,169.50145139581466,148.75484139530704
34225,4.0259127792346305,3.19011936294194,3.1943600936225467,3.181637901580727,175.03386474516682,173.83317858811753,177.4352370592654,146.7438071930253
34226,4.195572571367415,3.205429098876705,3.1838892783684454,3.2485087398932255,179.97287228932726,179.97365300592617,179.97131085612935,147.39606810565738
34227,4.374157793692325,3.188766728354525,3.1642472587498673,3.2378056675638405,179.97776108638266,179.97976548759772,179.9737522839525,144.28766428493142
34235,4.037770966026379,3.2056780796377793,3.1778208779123345,3.2613924830886685,176.3606422222899,177.3548354146628,174.37225583754403,146.32882035611107
34236,3.7653429939723573,3.205232435817544,3.198711981740818,3.2182733439709947,175.47873968136594,175.42101762335295,175.59418379739196,149.47877895758268
34244,3.7516159460860443,3.1931049702633607,3.1864747513781406,3.2063654080338013,176.2535374683636,175.85977351739785,177.04106537029512,148.1193619306338
34289,4.034155079564292,3.1890474894097665,3.1683235321457195,3.230495403937858,172.21290268803853,170.156009371893,176.32668932032968,143.41198484575057
34290,4.280466514127656,3.20665048667961,3.197551417793989,3.224848624450852,175.4853370817002,174.58193821079362,177.29213482351332,144.1940553964617
34291,4.477065465382765,3.235748302518489,3.2471987426395037,3.21284742227646,168.97596489630573,168.2049459798714,170.51800272917436,146.94770125859998
34293,3.932177771116363,3.181575948054418,3.164923873205586,3.2148800977520837,176.53483702299403,175.7591052805435,178.0863005078951,145.03402755779774
34294,4.111750803972036,3.1885578149406713,3.1718138371518103,3.2220457705183936,175.9795860907058,174.42733315516745,179.08409196178246,144.90163249316237
34295,4.013957472676859,3.207084705038405,3.1933011125169273,3.23465189008136,175.99912317057644,175.02128276006937,177.9548039915906,145.63437333206767
34296,4.484843701152869,3.2625892979568007,3.2718754624987842,3.2440169688728346,170.63423187432156,169.0831420407524,173.7364115414599,144.5766631969705
34299,4.109143959638119,3.1889203542717066,3.181557916415725,3.2036452299836715,177.09504152750017,176.5667463634698,178.15163185556094,145.4840925307388
34300,3.949274202416455,3.194552664548265,3.1754044838948805,3.232849025855034,176.55324842337495,176.03179914525595,177.59614697961302,149.02214767610116
34301,4.599280621926464,3.240561086396219,3.2416353784806953,3.2384125022272663,170.81906995358193,169.3516649453442,173.75387997005743,147.21146631882272
34322,4.085204975411665,3.209882704885685,3.196364370478002,3.2369193737010518,168.23116133142904,166.26325911144517,172.16696577139683,145.60921365199306
35322,11.363185628510529,3.166644258639175,3.153894530455701,3.192143715006124,168.68760346345184,166.40437684913934,173.25405669207672,163.9947133505505
35323,11.530082029439956,3.1802918028763343,3.1770736244886177,3.186728159651766,174.48618320991807,173.92274851739703,175.61305259496018,151.9838481046757
35332,11.70484873973088,3.1535942645464474,3.132280797235045,3.196221199169254,173.7145565718633,172.88711064357895,175.36944842843207,164.08251215418005
35345,12.369149544966053,3.170694480699726,3.159278815921075,3.1935258102570265,173.06911540091514,171.5730163034491,176.06131359584714,158.00181158996648
35373,11.513415640273962,3.1658957313943485,3.148900859766151,3.199885474650744,172.7291074657867,171.09313297869312,176.00105643997398,157.27239707261876
35386,11.689854671321129,3.15482127654155,3.1362902293180284,3.191883370988594,178.0211020168548,178.0476910075625,177.9679240354394,163.69933882300248
35387,11.332428518882486,3.17569403699603,3.16568939196579,3.1957033270565107,172.57993352271328,170.95955049575247,175.8206995766348,154.7878547707408
35408,11.40055184468978,3.190000512900839,3.193242938334876,3.1835156620327627,174.60136265256463,173.47420045970927,176.8556870382754,151.44162997107762
35410,11.789890872438699,3.155330381058274,3.1374385866892127,3.1911139697963966,176.66284246766585,175.94976814282478,178.08899111734792,164.883100166423
35411,11.604773818283457,3.157528548265694,3.138620805823642,3.195344033149797,177.93978938539257,178.10616029714936,177.60704756187891,161.6737550886975
35681,11.533246151637977,3.1638707361479956,3.1487020088922026,3.194208190659581,170.99171539766905,168.27280088282126,176.4295444273646,163.81419714604962
35708,9.60917967234966,3.1941070133317324,3.1590570825079736,3.2642068749792488,170.2012947721108,169.1460654401866,172.31175343595928,158.790211002942
35849,13.935740184778428,3.1688552328360586,3.1496406170210878,3.207284464465999,179.00272236338878,178.61538076828094,179.77740555360447,154.5524733294578
35875,12.81588651639463,3.2191800515367284,3.233402304164146,3.1907355462818936,175.80307487352923,175.52469727483623,176.35983007091517,149.0046100638815
35876,12.032101166988298,3.18518944380772,3.1634528761273755,3.228662579168409,168.76214302340904,165.0612027815287,176.1640235071697,153.1489998329286
36000,13.111192292346605,3.2028038055469263,3.2023672107681325,3.203676995104514,170.6857930605729,169.00967552842866,174.0380281248614,152.25105725944508
36003,11.928842490734162,3.222447769124978,3.215772127214419,3.2357990529460974,173.66563445223025,174.32288071025823,172.35114193617426,150.27214385377727
36008,11.89940387284452,3.2219217888573084,3.215239445959284,3.2352864746533574,172.46400085569238,173.30443232515796,170.78313791676123,150.99449900039946
36192,4.326053396230858,3.178989618627702,3.1641092325047886,3.2087503908735284,179.55335514611895,179.53304737182486,179.59397069470708,144.97905670490627
36193,4.25162658249196,3.201907141082938,3.191130624313308,3.2234601746221996,177.21709763079966,176.85548247621028,177.9403279399784,146.48238141962338
36194,4.201551158839424,3.1834431453291807,3.1468123767822274,3.2567046824230887,179.005153846149,178.7926819150297,179.4300977083875,144.07745265779522
36195,3.828260583841409,3.271098277640629,3.2348616140333295,3.343571604855229,174.3161357476879,173.83928286770376,175.26984150765605,142.14388775134768
36222,17.336108682669916,3.180232207663471,3.2094932717391953,3.121710079512024,174.63670527096176,172.52402023090798,178.86207535106925,161.8685631670354
36223,15.152562162183642,3.1644737513123538,3.1749993590503154,3.1434225358364305,175.60797103255982,174.8283517967492,177.16720950418107,161.01159216254916
36224,12.747928887423107,3.16709465435409,3.1790265419538897,3.143230879154492,177.19290841233985,175.91257762829238,179.75356998043475,160.15044237869688
36225,12.699231926693395,3.1585962337985394,3.1642559469058105,3.1472768075839967,174.5978250234475,174.02873556165815,175.73600394702632,164.82749730766136
36226,14.741557378087483,3.1705907590691957,3.1691162605613155,3.173539756084959,177.23126796635495,177.19139206013796,177.3110197787889,150.8153755501362
36227,16.315420096910557,3.1490623209378144,3.1492079691549253,3.148771024503594,176.84173267046432,176.192161048421,178.14087591455086,153.37885298884902
36228,16.172005442535642,3.1731273722792466,3.162509880779493,3.194362355278755,179.54504279829715,179.43462782830926,179.765872738273,140.06872741363242
36232,16.940608627938936,3.1433219806892887,3.1354952260534974,3.158975489960872,179.63906412787802,179.532891810462,179.85140876270998,163.17185970559404
36233,12.713914617034183,3.145365735157989,3.136795312444286,3.1625065805853945,175.472660504587,174.04798921370676,178.3220030863474,158.38633568379657
36234,7.943498361009576,3.1651783059909264,3.181324981559447,3.1328849548538855,179.9620089806177,179.95959725553342,179.96683243078618,162.75853761485723
36235,7.858751058202602,3.2373645243682563,3.2595802643378686,3.1929330444290303,176.27540607898197,176.44898162658075,175.92825498378437,143.70157479974873
36236,13.66450082320555,3.2069839055385145,3.2139152695458817,3.1931211775237824,177.73755865311094,177.4289593838963,178.3547571915403,144.9563073558873
36237,14.297166045477672,3.146629167495373,3.140201120300313,3.159485261885494,179.87176364662955,179.86954658485288,179.87619777018287,159.48991880648686
40541,5.180660804899335,3.193103612203009,3.1679999159527235,3.2433110047035787,176.42595540398213,176.00959306250377,177.2586800869388,144.36744788809685
40542,3.9950070789767214,3.1905747170837047,3.1686262028756897,3.234471745499735,179.92203247818406,179.9247980229166,179.91650138871896,141.81422927219901
40543,4.115457206908196,3.237830850510157,3.2386234017095497,3.236245748111371,172.2163875430186,172.23946815625263,172.17022631655053,145.08835260921617
40544,4.790942655122716,3.21449592629485,3.1934704828445555,3.2565468131954383,174.89329119361216,173.09987264569057,178.4801282894553,150.50926082941834
40545,3.8901449658189655,3.208738458932313,3.184985967176445,3.256243442444048,179.87928881350976,179.8744166823596,179.88903307581003,142.9067282257289
40546,3.974758369646091,3.2370440229724173,3.245410169159822,3.220311730597608,171.05975550977507,170.6489797020278,171.88130712526967,148.31699447063775
40547,4.115364281849728,3.2075756871129273,3.2171860404862906,3.1883549803662006,179.932528440384,179.93205397348873,179.93347737417457,140.22768021071914
40548,4.370989868703125,3.2517432591393933,3.2828330205222667,3.1895637363736444,171.4617673500217,171.68155946887305,171.02218311231906,145.90987494349162
40549,4.05548184313312,3.2522122829824727,3.259547294041168,3.2375422608650823,171.61982874600278,171.55667418932302,171.7461378593623,148.49550239745307
40550,4.383197989181965,3.2317753117936854,3.235290364277242,3.2247452068265727,172.94746083131307,171.90981757442094,175.02274734509734,145.422487441275
40551,4.085948526035068,3.2659161600631115,3.2718759011033427,3.2539966779826486,169.4771249110186,168.63550584684896,171.16036303935783,149.5532567743105
40552,3.8694858699552244,3.253220758697664,3.278868299290764,3.2019256775114653,170.80570652877586,169.47666480924846,173.46378996783065,154.205089748255
40553,4.107379028308599,3.238431483599667,3.2359282893377683,3.243437872123464,170.86964953293918,169.39885103007924,173.81124653865908,142.8544107208624
40554,3.804797876843451,3.2149111631181673,3.211005855846177,3.2227217776621475,179.56734513258547,179.49687518800482,179.70828502174675,143.8849735538666
40555,3.9947065604680825,3.178527211956297,3.1624516165627057,3.2106784027434787,179.80769959936575,179.79561434729982,179.83187010349775,142.20187280709652
40556,3.7680944615839227,3.255177534494203,3.273100459870212,3.219331683742184,171.02298981486118,172.72983644672325,167.609296551137,145.68924336626736
40557,4.107055556314762,3.2370807020144468,3.263202703328741,3.1848366993858575,171.94419765511074,172.60423948373068,170.62411399787086,141.86129221251554
40558,5.747811632740804,3.192505226127288,3.172252975623743,3.2330097271343785,179.98708241960466,179.9875003707885,179.98624651723694,143.04950158450913
