identifier,inorganic_cbm_gamma,inorganic_cbm_z,inorganic_vbm_gamma,inorganic_vbm_z,organic_LUMO,organic_HOMO,alignment_type
1,2.6181510089584816,2.6181510089584816,-0.06634899104151859,-0.06634899104151859,3.9012510089584818,-0.7729489910415187,Ia
4,2.5830260089715202,2.5830260089715202,0.00682600897151997,0.00682600897151997,4.14212600897152,-1.5459739910284802,Ia
5,2.419301008973499,2.419301008973499,0.18480100897349905,0.18480100897349905,4.525701008973499,-1.222398991026501,Ia
6,2.2963760089600416,2.2963760089600416,0.04637600896004146,0.04637600896004146,4.524576008960041,-0.6715239910399587,Ia
7,2.5884760089514733,2.5884760089514733,-0.046923991048526736,-0.046923991048526736,4.209476008951473,-1.7047239910485268,Ia
8,2.6563760089682837,2.5956760089682835,-0.14622399103171635,0.05757600896828363,2.7649760089682838,-3.238723991031717,Ia
9,2.6509260089702162,2.6509260089702162,-0.08717399102978385,-0.08717399102978385,3.690626008970216,-0.8264739910297839,Ia
10,2.6638760089724047,2.5954760089724047,-0.11742399102759526,0.06377600897240476,2.621676008972405,-3.4019239910275956,Ia
11,2.387401008963208,2.339901008963208,-0.11739899103679208,0.2033010089632079,2.900201008963208,-3.027098991036792,Ia
17,2.298501008967795,2.270901008967795,0.4765010089677947,0.6828010089677946,4.688201008967794,-0.5509989910322054,Ia
18,2.608701008968912,2.5860010089689123,-0.06029899103108771,0.027601008968912266,4.312401008968912,-1.4377989910310878,Ia
21,2.4459260089818113,2.432926008981811,-0.06647399101818896,0.02342600898181113,4.241026008981811,-2.078373991018189,Ia
22,2.4321260089701,2.4321260089701,0.006626008970099684,0.006626008970099684,4.2529260089701,-1.9578739910299001,Ia
24,2.567251008974919,2.567251008974919,-0.08764899102508072,-0.08764899102508072,4.002151008974919,-2.0622489910250805,Ia
25,2.5019260089607864,2.482526008960787,-0.08937399103921351,0.007926008960786435,4.249726008960786,-2.179673991039213,Ia
26,2.518076008964093,2.518076008964093,-0.018323991035907317,-0.018323991035907317,4.259376008964092,-1.953023991035907,Ia
27,2.4156010089714504,2.4000010089714503,-0.07309899102854989,0.05880100897145013,4.05010100897145,-2.3634989910285498,Ia
28,2.2613510089739184,2.2613510089739184,0.14175100897391812,0.14175100897391812,4.106951008973918,-2.1458489910260816,Ia
29,2.450651008975362,2.450651008975362,-0.014748991024638336,-0.014748991024638336,2.679351008975362,-1.8255489910246383,Ia
30,2.485576008972614,2.485576008972614,-0.056123991027385745,-0.056123991027385745,3.9867760089726145,-0.5744239910273857,Ia
31,2.464851008982766,2.464851008982766,-0.04844899101723432,-0.04844899101723432,3.8123510089827657,-0.6945489910172343,Ia
33,2.385251008959273,2.356451008959273,0.546151008959273,0.776251008959273,4.519051008959273,-1.0115489910407267,Ia
34,2.566576008979087,2.566576008979087,0.060276008979086915,0.060276008979086915,3.986776008979087,-0.7821239910209131,Ia
35,2.4173260089699133,2.4173260089699133,0.12582600896991347,0.12582600896991347,4.319926008969913,-1.1789739910300865,Ia
36,2.378626008970449,2.378626008970449,0.0014260089704488665,0.0014260089704488665,4.217826008970449,-1.2058739910295508,Ia
37,2.5200510089788075,2.471151008978808,-0.18374899102119246,0.06635100897880752,2.738851008978808,-3.3571489910211922,Ia
38,2.6193010089628355,2.4660010089628357,-0.059498991037164606,0.14480100896283532,2.5076010089628356,-3.770298991037165,Ia
39,2.5900510089651405,2.5164510089651406,-0.18864899103485966,0.09495100896514042,2.5900510089651405,-3.905348991034859,Ia
40,2.547751008978598,2.547751008978598,0.03065100897859796,0.03065100897859796,4.055351008978598,-1.030448991021402,Ia
41,2.333026008963976,2.333026008963976,0.06602600896397626,0.06602600896397626,4.217326008963976,-1.4860739910360237,Ia
42,2.476451008965117,2.476451008965117,0.3158510089651171,0.3158510089651171,4.170751008965117,-0.33304899103488295,Ia
43,2.478576008973266,2.478576008973266,0.37067600897326614,0.37067600897326614,4.132476008973266,-0.3384239910267338,Ia
44,2.501476008972684,2.501476008972684,-0.060023991027315926,-0.060023991027315926,3.9718760089726843,-0.9241239910273159,Ia
45,2.458676008979739,2.458676008979739,-0.040223991020261085,-0.040223991020261085,4.2493760089797386,-1.1724239910202612,Ia
46,2.624526008966258,2.624526008966258,-0.125673991033742,-0.125673991033742,4.252826008966258,-0.836873991033742,Ia
47,2.619476008973499,2.619476008973499,-0.07552399102650098,-0.07552399102650098,3.9895760089734993,-1.0915239910265009,Ia
48,2.667101008959948,2.667101008959948,-0.14569899104005168,-0.14569899104005168,3.7530010089599486,-0.7262989910400518,Ia
49,2.501001008973592,2.501001008973592,0.12460100897359216,0.12460100897359216,4.336201008973592,-1.1815989910264078,Ia
50,2.3477510089724745,2.3477510089724745,0.28865100897247453,0.28865100897247453,4.245251008972475,-0.5747489910275255,Ia
51,2.4928260089769916,2.4928260089769916,0.18022600897699148,0.18022600897699148,4.067726008976991,-0.3762739910230085,Ia
52,2.462601008961718,2.462601008961718,-0.024898991038282192,-0.024898991038282192,3.906601008961718,-0.5357989910382822,Ia
56,2.705226008961648,2.673726008961648,-0.28597399103835197,0.0019260089616479625,4.126526008961648,-2.391973991038352,Ia
57,2.4409510089626956,2.4174510089626957,0.33875100896269567,0.5998510089626957,4.566851008962695,-1.9493489910373043,Ia
58,2.3867510089606236,2.3867510089606236,0.31475100896062347,0.31475100896062347,4.151051008960623,-1.8736489910393765,Ia
59,2.3943010089562695,2.3564010089562695,0.05310100895626957,0.8978010089562695,4.231501008956269,-2.5363989910437303,Ia
60,2.596726008973639,2.596726008973639,-0.07697399102636127,-0.07697399102636127,3.7686260089736385,-2.225773991026361,Ia
62,2.452976008968959,2.452976008968959,-0.01712399103104112,-0.01712399103104112,4.128476008968958,-2.130423991031041,Ia
63,2.5223510089690286,2.5223510089690286,-0.031748991030971285,-0.031748991030971285,4.111651008969028,-1.8201489910309712,Ia
64,2.485951008960018,2.485951008960018,-0.04884899103998186,-0.04884899103998186,4.203551008960018,-1.8746489910399817,Ia
68,2.6219010089710775,2.6219010089710775,-0.15329899102892242,-0.15329899102892242,4.226201008971077,-2.2182989910289224,Ia
85,2.5858760089704256,2.5858760089704256,-0.06062399102957439,-0.06062399102957439,3.8015760089704256,-0.6523239910295745,Ia
89,2.4771260089638134,2.4771260089638134,-0.00037399103618673823,-0.00037399103618673823,3.4771260089638134,-1.1601739910361868,Ia
90,2.277901008970682,2.277901008970682,0.16860100897068175,0.16860100897068175,3.431101008970682,-1.2747989910293183,Ia
97,2.5383260089661186,2.5383260089661186,-0.03717399103388164,-0.03717399103388164,4.490926008966118,-0.39377399103388167,Ia
100,2.484276008962882,2.484276008962882,-0.0009239910371180438,-0.0009239910371180438,3.5980760089628823,-0.3893239910371179,Ia
101,2.6016260089571777,2.6016260089571777,0.0028260089571775504,0.0028260089571775504,3.1662260089571777,-0.09997399104282245,Ia
102,2.620901008974244,2.620901008974244,-0.0760989910257559,-0.0760989910257559,3.0264010089742444,0.13040100897424411,IIa
103,2.5425260089743373,2.5425260089743373,-0.007673991025662796,-0.007673991025662796,3.2366260089743375,-0.08337399102566279,Ia
104,2.5692260089652104,2.5692260089652104,-0.06597399103478974,-0.06597399103478974,2.7941260089652102,0.33632600896521025,IIa
105,2.514751008959669,2.514751008959669,-0.006548991040331131,-0.006548991040331131,4.042251008959669,-1.186648991040331,Ia
106,2.6604260089724745,2.6604260089724745,-0.08417399102752543,-0.08417399102752543,3.931426008972475,-1.0354739910275255,Ia
107,2.7081010089711706,2.7081010089711706,-0.09779899102882939,-0.09779899102882939,3.6379010089711707,-0.8400989910288293,Ia
108,2.65250100896379,2.60320100896379,-0.16279899103620998,0.032501008963789935,3.00070100896379,-3.03569899103621,Ia
110,2.489226008980321,2.497426008980321,-0.17707399101967902,0.390226008980321,2.158226008980321,-3.4878739910196788,IIb
111,2.7597510089614383,2.7194510089614385,-0.19724899103856164,-0.036448991038561585,2.3743510089614386,-3.819148991038561,IIb
112,2.6325510089628588,2.6325510089628588,-0.03054899103714137,-0.03054899103714137,3.431451008962859,-2.496348991037141,Ia
113,2.4383760089756876,2.4383760089756876,-0.004823991024312413,-0.004823991024312413,3.9068760089756878,-2.3145239910243123,Ia
114,2.234901008975618,2.234901008975618,0.21050100897561774,0.21050100897561774,4.123901008975618,-1.9205989910243821,Ia
115,2.4036510089725445,2.4036510089725445,0.07435100897254443,0.07435100897254443,4.138651008972544,-2.0296489910274556,Ia
116,2.279526008975408,2.279526008975408,0.29772600897540824,0.29772600897540824,4.449426008975408,-1.8438739910245916,Ia
118,2.549201008971497,2.549201008971497,-0.05619899102850334,-0.05619899102850334,4.2245010089714965,-1.7020989910285031,Ia
120,2.317326008958691,2.317326008958691,0.018626008958691043,0.018626008958691043,4.643626008958691,-0.635873991041309,Ia
121,2.3027510089845817,2.3027510089845817,0.05505100898458182,0.05505100898458182,4.231851008984582,-1.400648991015418,Ia
122,2.3667010089771314,2.3667010089771314,-0.01899899102286884,-0.01899899102286884,4.439801008977131,-1.192598991022869,Ia
131,2.5740510089616015,2.5740510089616015,-0.04544899103839861,-0.04544899103839861,4.469951008961601,-0.6909489910383987,Ia
133,2.5561760089635803,2.5561760089635803,0.00987600896358043,0.00987600896358043,4.01717600896358,-0.8370239910364196,Ia
141,2.378551008973732,2.378551008973732,0.05155100897373177,0.05155100897373177,2.839451008973732,-1.787248991026268,Ia
145,2.5413010089691683,2.5413010089691683,0.04210100896916835,0.04210100896916835,4.677501008969168,0.5910010089691684,IIa
146,2.5763760089652568,2.5763760089652568,-0.036123991034743175,-0.036123991034743175,4.7464760089652565,0.8503760089652568,IIa
147,2.5494760089642323,2.5494760089642323,-0.08812399103576762,-0.08812399103576762,4.864476008964232,0.31627600896423236,IIa
148,2.6581760089706585,2.6581760089706585,-0.03762399102934155,-0.03762399102934155,4.710276008970658,0.6750760089706584,IIa
149,2.5531760089722417,2.5531760089722417,-0.05892399102775825,-0.05892399102775825,4.311976008972241,0.8632760089722418,IIa
150,2.6028010089747795,2.6028010089747795,-0.0995989910252204,-0.0995989910252204,4.46590100897478,0.13270100897477954,IIa
151,2.6336760089716598,2.6336760089716598,-0.013323991028340365,-0.013323991028340365,3.7857760089716597,0.0004760089716596694,IIa
152,2.263776008967469,2.263776008967469,0.15397600896746866,0.15397600896746866,3.815876008967469,-0.3856239910325313,Ia
153,2.6005760089634173,2.6005760089634173,-0.09562399103658248,-0.09562399103658248,3.7912760089634174,0.2259760089634174,IIa
154,2.290801008968819,2.290801008968819,0.21140100896881908,0.21140100896881908,3.4837010089688194,0.34380100896881916,IIa
161,2.3502260089648144,2.3223260089648146,-0.1016739910351856,0.10152600896481445,3.1372260089648147,-3.1487739910351853,Ia
163,2.3155510089650475,2.2829510089650475,0.056951008965047234,0.29725100896504725,3.1399510089650473,-2.9879489910349526,Ia
167,2.7033760089734526,2.6810760089734527,-0.23252399102654764,0.2349760089734524,2.9917760089734524,-3.2971239910265475,Ia
168,2.804626008961974,2.752126008961974,-0.2408739910380261,-0.009973991038026209,2.465426008961974,-3.709173991038026,IIb
170,2.5144760089639298,2.5144760089639298,0.050376008963929686,0.050376008963929686,4.69177600896393,-0.047223991036070334,Ia
175,2.2645510089648146,2.2645510089648146,0.04425100896481449,0.04425100896481449,4.976051008964814,-1.1324489910351856,Ia
179,2.364351008969797,2.364351008969797,0.19875100896979692,0.19875100896979692,3.4762510089697973,0.886451008969797,IIa
180,2.6013010089656525,2.6013010089656525,-0.03609899103434733,-0.03609899103434733,4.016301008965653,0.8010010089656526,IIa
181,2.5277760089662347,2.5277760089662347,0.1667760089662348,0.1667760089662348,3.704876008966235,0.8864760089662347,IIa
182,2.656426008974919,2.656426008974919,0.06062600897491921,0.06062600897491921,3.5310260089749193,0.9674260089749193,IIa
183,2.4819010089623466,2.4819010089623466,-0.013598991037653607,-0.013598991037653607,2.7591010089623467,-2.1219989910376533,Ia
184,2.4401760089702393,2.4401760089702393,-0.04542399102976058,-0.04542399102976058,2.4807760089702393,-0.06372399102976056,Ia
185,2.4894510089617645,2.4894510089617645,-0.1183489910382357,-0.1183489910382357,3.3774510089617644,-0.6661489910382358,Ia
186,2.6442260089686327,2.6442260089686327,0.01502600896863282,0.01502600896863282,2.4811260089686327,0.6018260089686329,Ib
188,2.6624260089591334,2.6624260089591334,-0.06537399104086661,-0.06537399104086661,3.2410260089591336,-1.1448739910408667,Ia
189,2.3365010089555245,2.3365010089555245,0.20300100895552442,0.20300100895552442,3.8341010089555247,0.5649010089555245,IIa
190,2.341901008975967,2.3035010089759673,-0.04749899102403299,0.320501008975967,4.539701008975967,-2.268498991024033,Ia
191,2.3179010089578296,2.3179010089578296,0.019201008957829502,0.019201008957829502,4.150301008957829,-1.4744989910421702,Ia
193,2.4847510089583884,2.4847510089583884,0.016651008958388336,0.016651008958388336,4.268951008958388,-1.3559489910416116,Ia
194,2.3357510089772013,2.3357510089772013,-0.003048991022798986,-0.003048991022798986,4.142051008977201,-1.4519489910227992,Ia
195,2.5514260089682836,2.5514260089682836,0.19212600896828358,0.19212600896828358,4.075826008968283,-0.6124739910317164,Ia
196,2.511101008973569,2.511101008973569,-0.06059899102643118,-0.06059899102643118,4.115101008973569,-0.9740989910264312,Ia
200,2.602676008969401,2.602676008969401,-0.07812399103059875,-0.07812399103059875,2.481476008969401,0.6157760089694012,Ib
201,2.46612600897152,2.46612600897152,-0.07737399102848008,-0.07737399102848008,2.1600260089715198,0.24602600897151994,Ib
202,2.268551008980484,2.268551008980484,0.037251008980483946,0.037251008980483946,4.871751008980484,0.6358510089804839,IIa
203,2.523901008974244,2.523901008974244,-0.014498991025755914,-0.014498991025755914,3.9820010089742444,-1.2370989910257557,Ia
204,2.437026008966328,2.437026008966328,0.1430260089663279,0.1430260089663279,3.9861260089663277,-0.6825739910336722,Ia
205,2.4045510089682605,2.4045510089682605,-0.04294899103173966,-0.04294899103173966,4.22495100896826,0.06895100896826034,IIa
206,2.3872510089606003,2.3872510089606003,-0.0038489910393998406,-0.0038489910393998406,3.7099510089606005,0.8714510089606002,IIa
209,2.6603010089738253,2.6603010089738253,-0.02589899102617499,-0.02589899102617499,3.585701008973825,-0.44479899102617504,Ia
211,2.4081260089695875,2.4081260089695875,-0.015273991030412493,-0.015273991030412493,4.855426008969587,-1.4205739910304125,Ia
212,2.63865100897308,2.59905100897308,-0.27714899102692014,0.02495100897307989,2.90135100897308,-3.20764899102692,Ia
213,2.525876008968051,2.487576008968051,-0.10332399103194922,0.1504760089680508,2.852476008968051,-3.2334239910319496,Ia
216,2.5438260089589706,2.5438260089589706,-0.08717399104102963,-0.08717399104102963,3.8982260089589706,-1.1461739910410298,Ia
217,2.590701008976689,2.590701008976689,-0.05089899102331119,-0.05089899102331119,3.804301008976689,-0.7652989910233111,Ia
218,2.398476008967655,2.348976008967655,-0.07452399103234508,0.19667600896765491,2.694976008967655,-3.019523991032345,Ia
220,2.5706010089667473,2.5706010089667473,-0.11959899103325311,-0.11959899103325311,4.422601008966747,-1.814398991033253,Ia
221,2.679301008977853,2.679301008977853,-0.12229899102214703,-0.12229899102214703,4.338201008977853,-1.7548989910221469,Ia
222,2.4622760089773874,2.4622760089773874,0.1749760089773873,0.1749760089773873,4.554176008977387,-0.9659239910226126,Ia
223,2.5497760089792734,2.5497760089792734,-0.0535239910207268,-0.0535239910207268,3.8359760089792734,-0.8105239910207268,Ia
224,2.619576008979599,2.619576008979599,-0.06922399102040078,-0.06922399102040078,3.7088760089795993,-0.9459239910204008,Ia
228,2.4704510089719394,2.4704510089719394,-0.0008489910280610191,-0.0008489910280610191,4.349851008971939,-1.3303489910280608,Ia
229,2.5200760089842094,2.5200760089842094,0.23687600898420924,0.23687600898420924,4.264376008984209,-1.1024239910157907,Ia
232,2.502451008970542,2.502451008970542,0.03655100897054209,0.03655100897054209,2.637251008970542,0.44115100897054205,IIa
233,2.6388510089754083,2.6388510089754083,-0.10384899102459177,-0.10384899102459177,2.7795510089754085,0.32635100897540825,IIa
234,2.4800510089477945,2.4800510089477945,0.3943510089477945,0.3943510089477945,4.021051008947794,-0.7261489910522055,Ia
239,2.5743010089622764,2.5743010089622764,-0.0005989910377234287,-0.0005989910377234287,2.8063010089622766,0.2371010089622766,IIa
243,2.597501008958924,2.597501008958924,0.06450100895892386,0.06450100895892386,3.690501008958924,0.12580100895892377,IIa
258,2.5201010089697973,2.5201010089697973,-0.03469899103020302,-0.03469899103020302,2.7072010089697973,-2.103298991030203,Ia
260,2.3500260089660485,2.3500260089660485,0.08622600896604837,0.08622600896604837,2.8863260089660487,-1.7755739910339514,Ia
262,2.4360510089733363,2.4360510089733363,-0.04654899102666399,-0.04654899102666399,2.9053510089733363,-1.6908489910266638,Ia
267,2.651626008971776,2.651626008971776,-0.046573991028223904,-0.046573991028223904,3.752826008971776,-0.754273991028224,Ia
269,2.505026008971776,2.505026008971776,-0.04127399102822393,-0.04127399102822393,4.295226008971776,-0.6888739910282239,Ia
270,2.4732260089560136,2.4732260089560136,0.08532600895601339,0.08532600895601339,3.9535260089560134,-0.6575739910439865,Ia
271,2.4892760089585515,2.4892760089585515,-0.019323991041448663,-0.019323991041448663,3.9976760089585515,-0.2911239910414488,Ia
272,2.5516260089763394,2.5516260089763394,-0.08907399102366043,-0.08907399102366043,4.017026008976339,-0.7477739910236604,Ia
273,2.537326008974896,2.537326008974896,-0.047873991025103924,-0.047873991025103924,4.204826008974896,-0.474673991025104,Ia
274,2.5248510089718925,2.5248510089718925,-0.020548991028107477,-0.020548991028107477,4.077151008971892,-0.2685489910281075,Ia
275,2.5523260089645117,2.5523260089645117,-0.03977399103548829,-0.03977399103548829,3.742626008964512,-0.2702739910354882,Ia
276,2.470901008956619,2.470901008956619,-0.030398991043381174,-0.030398991043381174,4.253301008956618,-0.5552989910433813,Ia
277,2.490451008982719,2.490451008982719,0.045151008982719065,0.045151008982719065,3.4839510089827193,-0.32534899101728076,Ia
278,2.5190510089697273,2.5190510089697273,-0.017148991030272787,-0.017148991030272787,4.292351008969727,-0.8647489910302727,Ia
279,2.4317010089724977,2.4317010089724977,0.2398010089724979,0.2398010089724979,4.196401008972497,-0.49549899102750217,Ia
280,2.468276008970007,2.468276008970007,0.37997600897000655,0.37997600897000655,4.141476008970006,-0.13172399102999344,Ia
281,2.5218260089754314,2.5218260089754314,0.06962600897543147,0.06962600897543147,4.4278260089754315,-1.2452739910245687,Ia
282,2.5385760089763165,2.5385760089763165,0.04947600897631632,0.04947600897631632,4.661876008976316,-1.0108239910236838,Ia
283,2.574701008971543,2.5491010089715433,-0.0311989910284568,0.06380100897154317,4.188101008971543,-1.6516989910284567,Ia
284,2.522051008973313,2.4962510089733128,-0.03904899102668724,0.028451008973312764,4.2905510089733125,-1.601748991026687,Ia
285,2.552326008969844,2.552326008969844,-0.05837399103015639,-0.05837399103015639,4.085126008969843,-1.9711739910301564,Ia
286,2.3870010089639533,2.370901008963953,0.26900100896395296,0.45650100896395296,4.178501008963953,-1.5470989910360466,Ia
287,2.5218760089783885,2.5218760089783885,-0.04202399102161147,-0.04202399102161147,4.283576008978388,-1.3604239910216114,Ia
288,2.553376008971706,2.553376008971706,-0.011923991028293779,-0.011923991028293779,4.345476008971706,-1.3204239910282936,Ia
289,2.5307260089606234,2.5307260089606234,0.15532600896062343,0.15532600896062343,3.9670260089606235,-0.6686739910393765,Ia
290,2.4771260089836504,2.4771260089836504,0.014726008983650396,0.014726008983650396,3.6102260089836506,-0.6486739910163496,Ia
291,2.618076008968749,2.618076008968749,-0.05132399103125074,-0.05132399103125074,3.6625760089687494,-0.6710239910312507,Ia
292,2.4948010089624395,2.4948010089624395,0.3065010089624396,0.3065010089624396,3.9865010089624398,-0.5236989910375603,Ia
293,2.550651008969401,2.550651008969401,-0.03754899103059883,-0.03754899103059883,4.268651008969401,-0.9471489910305989,Ia
294,2.49810100896386,2.49810100896386,-0.07209899103614015,-0.07209899103614015,4.0673010089638595,-1.24749899103614,Ia
295,2.5650010089674455,2.5650010089674455,-0.11569899103255454,-0.11569899103255454,4.249601008967446,-1.0660989910325545,Ia
296,2.5364760089585046,2.5364760089585046,-0.027523991041495277,-0.027523991041495277,3.805576008958505,-1.4651239910414953,Ia
297,2.5547510089692613,2.5547510089692613,-0.04404899103073845,-0.04404899103073845,3.746051008969262,-1.1428489910307387,Ia
298,2.6233510089690055,2.6233510089690055,-0.032148991030994556,-0.032148991030994556,3.7563510089690055,-1.4677489910309944,Ia
299,2.526576008961089,2.526576008961089,-0.03872399103891089,-0.03872399103891089,4.054076008961089,-1.0093239910389107,Ia
300,2.5693260089614385,2.5693260089614385,0.10952600896143838,0.10952600896143838,3.7818260089614384,-0.6422739910385616,Ia
301,2.5649510089647447,2.5649510089647447,-0.06144899103525536,-0.06144899103525536,3.605851008964745,-0.7443489910352553,Ia
302,2.616076008973988,2.616076008973988,-0.018923991026012055,-0.018923991026012055,3.951876008973988,-0.3281239910260122,Ia
303,2.516326008984116,2.516326008984116,-0.025773991015883957,-0.025773991015883957,3.812926008984116,-0.3325739910158839,Ia
304,2.5865760089673056,2.5865760089673056,0.33687600896730574,0.33687600896730574,3.8730760089673058,-0.3076239910326942,Ia
305,2.4207510089702393,2.4207510089702393,0.0298510089702394,0.0298510089702394,3.7252510089702393,-0.5796489910297605,Ia
306,2.6371510089691452,2.6371510089691452,0.07805100896914507,0.07805100896914507,4.042451008969145,-0.416448991030855,Ia
307,2.434051008967166,2.434051008967166,0.24615100896716602,0.24615100896716602,4.390151008967166,-0.6620489910328339,Ia
308,2.561926008959902,2.561926008959902,-0.06287399104009828,-0.06287399104009828,4.182626008959901,-0.7508739910400982,Ia
309,2.392251008979599,2.392251008979599,-0.01564899102040085,-0.01564899102040085,4.037051008979599,-1.0385489910204009,Ia
310,2.460826008970193,2.460826008970193,-0.034273991029807216,-0.034273991029807216,4.087126008970193,-0.8620739910298071,Ia
311,2.799701008966258,2.799701008966258,-0.14339899103374198,-0.14339899103374198,4.425401008966258,-1.013098991033742,Ia
312,2.4332010089622997,2.4332010089622997,0.3583010089622999,0.3583010089622999,4.2117010089623,-0.7611989910377001,Ia
313,2.4588260089680976,2.4588260089680976,-0.005373991031902614,-0.005373991031902614,3.8468260089680975,-0.8371739910319026,Ia
314,2.5750510089751986,2.5750510089751986,-0.06994899102480134,-0.06994899102480134,3.7205510089751987,-1.0845489910248012,Ia
315,2.516676008970961,2.516676008970961,-0.03812399102903885,-0.03812399102903885,4.091576008970961,-0.7732239910290389,Ia
316,2.438901008957457,2.438901008957457,-0.0004989910425430288,-0.0004989910425430288,4.116001008957457,-0.8977989910425431,Ia
317,2.6090760089750824,2.6090760089750824,-0.04832399102491769,-0.04832399102491769,4.584776008975082,-0.32882399102491766,Ia
318,2.4584760089639994,2.4584760089639994,-0.06872399103600046,-0.06872399103600046,3.8918760089639997,-1.1335239910360007,Ia
319,2.5683260089603444,2.5683260089603444,0.014226008960344094,0.014226008960344094,4.034726008960344,-0.8736739910396559,Ia
320,2.5730760089717295,2.5730760089717295,-0.1206239910282706,-0.1206239910282706,4.11147600897173,-0.9842239910282705,Ia
321,2.431576008969192,2.431576008969192,-0.0514239910308083,-0.0514239910308083,3.928076008969192,-1.0569239910308084,Ia
322,2.6153510089778296,2.6153510089778296,0.02475100897782967,0.02475100897782967,3.48465100897783,-0.4846489910221704,Ia
323,2.5986760089630447,2.5986760089630447,-0.028923991036955088,-0.028923991036955088,3.504876008963045,-0.33492399103695514,Ia
324,2.470776008968144,2.470776008968144,0.03657600896814395,0.03657600896814395,3.767976008968144,-0.591923991031856,Ia
325,2.636476008982882,2.636476008982882,-0.07772399101711791,-0.07772399101711791,3.275576008982882,-0.30412399101711796,Ia
326,2.5708260089672126,2.5708260089672126,-0.10787399103278739,-0.10787399103278739,3.4629260089672127,-0.5969739910327875,Ia
327,2.493351008966002,2.493351008966002,0.1961510089660019,0.1961510089660019,3.732051008966002,-0.5792489910339981,Ia
328,2.648001008967981,2.648001008967981,0.023001008967980963,0.023001008967980963,3.894301008967981,-0.36929899103201913,Ia
329,2.537776008964512,2.537776008964512,0.017776008964511703,0.017776008964511703,3.7064760089645117,-0.4851239910354882,Ia
330,2.538976008971776,2.538976008971776,-0.078023991028224,-0.078023991028224,2.6842760089717763,-1.5787239910282236,Ia
331,2.5573010089660486,2.5573010089660486,-0.0606989910339516,-0.0606989910339516,4.014401008966049,-0.6646989910339515,Ia
332,2.5723010089707747,2.5723010089707747,-0.06739899102922509,-0.06739899102922509,4.0804010089707745,-0.499598991029225,Ia
333,2.469526008969634,2.469526008969634,-0.02987399103036592,-0.02987399103036592,3.9511260089696343,-0.704073991030366,Ia
334,2.4834260089697504,2.4834260089697504,-0.06727399103024956,-0.06727399103024956,3.8726260089697506,-0.9107739910302496,Ia
335,2.503776008952242,2.503776008952242,0.0240760089522416,0.0240760089522416,3.997076008952242,-0.6087239910477583,Ia
336,2.392326008968237,2.392326008968237,0.33332600896823705,0.33332600896823705,3.9699260089682373,-0.713673991031763,Ia
337,2.5905260089651403,2.5905260089651403,-0.06827399103485965,-0.06827399103485965,3.5981260089651403,-0.7419739910348596,Ia
338,2.6395760089713103,2.6395760089713103,-0.07512399102868961,-0.07512399102868961,3.4813760089713104,-0.7796239910286896,Ia
339,2.622826008964116,2.622826008964116,-0.05207399103588406,-0.05207399103588406,3.712126008964116,-1.029073991035884,Ia
340,2.4407760089593893,2.4407760089593893,-0.014223991040610562,-0.014223991040610562,4.08237600895939,-0.4048239910406105,Ia
341,2.4989010089685397,2.4989010089685397,-0.034898991031460325,-0.034898991031460325,4.25920100896854,-0.3150989910314602,Ia
342,2.4882760089768285,2.4882760089768285,-0.06512399102317146,-0.06512399102317146,3.606876008976829,-0.9795239910231716,Ia
343,2.6346510089579693,2.6346510089579693,-0.10664899104203085,-0.10664899104203085,3.8206510089579693,-0.6828489910420309,Ia
344,2.3983760089701462,2.3983760089701462,0.13597600897014628,0.13597600897014628,3.8331760089701463,-0.7466239910298537,Ia
345,2.5792510089769682,2.5792510089769682,0.03445100897696818,0.03445100897696818,3.5429510089769685,-0.2659489910230318,Ia
346,2.6033260089724513,2.6033260089724513,0.034126008972451216,0.034126008972451216,3.8146260089724513,-0.5832739910275487,Ia
347,2.4328760089731496,2.4328760089731496,-0.046023991026850286,-0.046023991026850286,3.82557600897315,-0.6329239910268502,Ia
348,2.436476008960926,2.436476008960926,0.32907600896092615,0.32907600896092615,3.8080760089609265,-0.8084239910390739,Ia
349,2.5369510089865375,2.5369510089865375,0.2987510089865375,0.2987510089865375,3.7847510089865377,-0.6664489910134624,Ia
350,2.5118010089747798,2.5118010089747798,0.0546010089747796,0.0546010089747796,3.5782010089747796,-1.2896989910252201,Ia
351,2.5483260089763395,2.5483260089763395,-0.008973991023660477,-0.008973991023660477,3.7745260089763395,-0.8311739910236605,Ia
352,2.3727760089700065,2.3727760089700065,0.017476008970006562,0.017476008970006562,3.8706760089700065,-0.6352239910299936,Ia
353,2.518576008974803,2.518576008974803,-0.02472399102519718,-0.02472399102519718,3.602276008974803,-0.9405239910251971,Ia
354,2.573926008963208,2.573926008963208,-0.10827399103679214,-0.10827399103679214,3.899226008963208,-0.750673991036792,Ia
355,2.5598010089611822,2.5598010089611822,-0.06529899103881776,-0.06529899103881776,3.8002010089611824,-0.33659899103881774,Ia
356,2.481651008964372,2.481651008964372,0.3584510089643721,0.3584510089643721,3.597151008964372,-0.13834899103562803,Ia
357,2.48202600896549,2.48202600896549,0.05192600896548971,0.05192600896548971,3.8375260089654897,-0.6333739910345103,Ia
358,2.5913510089720555,2.5913510089720555,-0.01804899102794455,-0.01804899102794455,3.6891510089720554,-0.3419489910279446,Ia
359,2.5251510089732663,2.5251510089732663,-0.040548991026733816,-0.040548991026733816,3.7191510089732662,-0.6709489910267338,Ia
360,2.7183010089705655,2.7183010089705655,0.38900100897056533,0.38900100897056533,3.7148010089705656,-0.7346989910294347,Ia
361,2.405401008975129,2.405401008975129,-0.01409899102487111,-0.01409899102487111,2.773801008975129,-1.8938989910248711,Ia
362,2.6277760089715434,2.6277760089715434,-0.0851239910284568,-0.0851239910284568,4.073176008971543,-0.6519239910284568,Ia
363,2.512026008971287,2.512026008971287,0.16322600897128714,0.16322600897128714,4.365726008971287,-0.5995739910287129,Ia
364,2.576076008963837,2.576076008963837,-0.04272399103616353,-0.04272399103616353,4.124776008963837,-0.6154239910361633,Ia
365,2.601726008956409,2.601726008956409,-0.04897399104359079,-0.04897399104359079,4.130626008956409,-0.6999739910435908,Ia
366,2.525326008965536,2.525326008965536,0.23222600896553625,0.23222600896553625,4.260026008965536,-0.5062739910344637,Ia
367,2.473751008967166,2.473751008967166,-0.02814899103283397,-0.02814899103283397,3.787251008967166,-1.254848991032834,Ia
368,2.6413510089603673,2.6413510089603673,-0.05994899103963258,-0.05994899103963258,3.7144510089603675,-1.1731489910396324,Ia
369,2.6000260089668634,2.6000260089668634,-0.05537399103313667,-0.05537399103313667,4.087326008966863,-1.2752739910331363,Ia
370,2.4044510089575732,2.4044510089575732,0.4196510089575734,0.4196510089575734,4.097151008957574,-0.9587489910424266,Ia
371,2.5297510089552686,2.5297510089552686,-0.05954899104473166,-0.05954899104473166,3.7133510089552684,-1.1479489910447316,Ia
372,2.561776008960321,2.561776008960321,0.06707600896032073,0.06707600896032073,3.966176008960321,-0.7794239910396793,Ia
373,2.4518260089676316,2.4518260089676316,0.20462600896763172,0.20462600896763172,3.9550260089676317,-0.7683739910323683,Ia
374,2.5252510089610194,2.5252510089610194,0.003651008961019331,0.003651008961019331,4.0122510089610195,-0.7718489910389806,Ia
375,2.7016510089659787,2.7016510089659787,0.06735100896597856,0.06735100896597856,3.9348510089659787,-0.9644489910340214,Ia
376,2.6727760089689823,2.611476008968982,-0.08672399103101791,0.08917600896898215,2.146176008968982,-4.442523991031019,IIb
377,2.6817260089688424,2.6815260089688424,-0.22847399103115762,-0.0018739910311575958,2.6200260089688423,-3.2778739910311576,IIb
378,2.5942760089528236,2.5368760089528237,-0.0990239910471763,0.09347600895282371,2.702376008952824,-3.2376239910471756,Ia
379,2.581351008973499,2.581351008973499,-0.07004899102650097,-0.07004899102650097,4.614651008973499,-1.493148991026501,Ia
380,2.2289510089751055,2.2289510089751055,0.03825100897510547,0.03825100897510547,4.649551008975105,-1.9123489910248943,Ia
381,2.651126008970775,2.651126008970775,-0.02387399102922505,-0.02387399102922505,4.483126008970775,-1.627273991029225,Ia
382,2.4212260089700997,2.4212260089700997,-0.03147399102990034,-0.03147399102990034,4.334626008970099,-1.7507739910299,Ia
383,2.4367260089782956,2.4367260089782956,0.07092600897829537,0.07092600897829537,4.244026008978295,-1.8563739910217048,Ia
384,2.424751008984349,2.424751008984349,-0.011348991015651122,-0.011348991015651122,4.626751008984349,-1.473948991015651,Ia
385,2.5539010089630216,2.5539010089630216,-0.05189899103697837,-0.05189899103697837,4.428801008963021,-1.7881989910369782,Ia
386,2.4714010089730802,2.4714010089730802,0.01590100897307989,0.01590100897307989,4.63400100897308,-1.48789899102692,Ia
387,2.482176008974663,2.482176008974663,-0.06882399102533687,-0.06882399102533687,4.343976008974663,-1.7399239910253366,Ia
388,2.591551008973499,2.591551008973499,-0.06484899102650099,-0.06484899102650099,4.655951008973498,-1.6392489910265007,Ia
389,2.3956010089693316,2.3790010089693316,0.026401008969331285,0.16970100896933127,4.128801008969331,-2.2675989910306686,Ia
390,2.6069260089700763,2.6069260089700763,-0.12087399102992358,-0.12087399102992358,4.359526008970076,-2.1367739910299233,Ia
391,2.416426008972009,2.416426008972009,0.20332600897200892,0.20332600897200892,4.228426008972009,-1.929873991027991,Ia
392,2.4195260089672126,2.4195260089672126,0.3303260089672126,0.3303260089672126,3.9854260089672127,-1.781073991032787,Ia
393,2.417551008972777,2.417551008972777,0.23055100897277725,0.23055100897277725,4.029851008972777,-1.8954489910272225,Ia
394,2.6309260089694013,2.6309260089694013,-0.01077399103059884,-0.01077399103059884,4.187526008969401,-1.9363739910305986,Ia
395,2.4881510089551986,2.4881510089551986,0.13765100895519855,0.13765100895519855,3.9012510089551986,-1.9794489910448014,Ia
396,2.343126008978156,2.343126008978156,0.02472600897815569,0.02472600897815569,4.138926008978156,-2.393973991021844,Ia
397,2.4822010089694713,2.4822010089694713,0.028501008969471053,0.028501008969471053,4.042901008969471,-2.021398991030529,Ia
398,2.326001008971776,2.326001008971776,0.07670100897177601,0.07670100897177601,4.225701008971776,-2.047698991028224,Ia
399,2.4398510089692382,2.4398510089692382,0.002951008969238167,0.002951008969238167,3.9962510089692382,-2.1473489910307615,Ia
400,2.614601008975292,2.614601008975292,-0.08249899102470815,-0.08249899102470815,4.483301008975292,-1.711198991024708,Ia
401,2.530176008962207,2.530176008962207,-0.06592399103779323,-0.06592399103779323,4.224776008962206,-1.7634239910377931,Ia
402,2.4259510089619973,2.4259510089619973,0.0011510089619971575,0.0011510089619971575,3.6980510089619973,-0.34974899103800283,Ia
403,2.5771010089774107,2.5771010089774107,-0.032098991022589396,-0.032098991022589396,3.7896010089774106,-0.2850989910225895,Ia
404,2.6053510089758505,2.6053510089758505,0.0649510089758506,0.0649510089758506,3.6917510089758507,0.0649510089758506,Ia
405,2.5385510089648844,2.5385510089648844,0.16795100896488424,0.16795100896488424,3.588951008964884,-0.13234899103511577,Ia
406,2.49890100896542,2.49890100896542,0.12500100896541977,0.12500100896541977,3.40920100896542,-0.06809899103458017,Ia
439,2.8343760089747563,2.8087760089747564,-0.2536239910252437,0.11377600897475626,2.5047760089747566,-3.593023991025244,IIb
440,2.67327600897918,2.64407600897918,-0.12472399102081988,0.04447600897918014,2.4625760089791804,-3.93562399102082,IIb
441,2.6606510089679114,2.6029510089679113,-0.026748991032088942,0.13355100896791117,1.914051008967911,-4.138448991032089,IIb
461,2.493776008954407,2.493776008954407,-0.016323991045593123,-0.016323991045593123,3.850676008954407,-0.48482399104559304,Ia
462,2.5664260089721487,2.5664260089721487,-0.06907399102785139,-0.06907399102785139,3.7252260089721485,-0.49067399102785136,Ia
463,2.637776008979413,2.637776008979413,-0.07472399102058713,-0.07472399102058713,3.807076008979413,-0.44852399102058704,Ia
464,2.571576008981043,2.571576008981043,0.15637600898104276,0.15637600898104276,3.9012760089810428,-0.20212399101895728,Ia
481,2.560301008962975,2.560301008962975,0.012201008962975046,0.012201008962975046,3.891101008962975,-0.38629899103702503,Ia
482,2.599726008959995,2.599726008959995,0.021326008959994813,0.021326008959994813,3.839826008959995,-0.26857399104000523,Ia
490,2.5773260089646746,2.5773260089646746,-0.0458739910353253,-0.0458739910353253,3.8568260089646746,-0.27737399103532534,Ia
491,2.539076008967655,2.539076008967655,0.3468760089676549,0.3468760089676549,4.063676008967655,0.04987600896765498,Ia
492,2.328376008953196,2.328376008953196,0.11647600895319621,0.11647600895319621,3.6902760089531963,-0.1938239910468038,Ia
509,2.619126008968493,2.619126008968493,-0.04227399103150686,-0.04227399103150686,3.480626008968493,-0.11217399103150683,Ia
510,2.5369260089659087,2.5369260089659087,0.12942600896590872,0.12942600896590872,3.626526008965909,0.12942600896590872,Ia
511,2.567951008970705,2.567951008970705,-0.073748991029295,-0.073748991029295,3.457151008970705,0.10535100897070504,IIa
634,2.4819510089725214,2.4400510089725214,-0.24844899102747886,0.2631510089725212,2.900751008972521,-4.140648991027479,Ia
635,2.7214260089554316,2.6924260089554313,-0.019573991044568695,0.12222600895543134,2.0281260089554314,-4.070573991044569,IIb
638,2.8408760089570846,2.8094760089570845,-0.2551239910429156,0.07577600895708436,2.5013760089570845,-3.609523991042916,IIb
640,2.6901010089762,2.6466010089761998,-0.12749899102380013,0.06830100897619984,2.0665010089762,-3.8774989910238005,IIb
641,2.642876008962812,2.621876008962812,-0.16482399103718792,0.10537600896281207,2.272776008962812,-3.2785239910371877,IIb
768,2.2836510089765025,2.2836510089765025,0.06275100897650254,0.06275100897650254,4.6127510089765025,-0.5906489910234974,Ia
942,2.625926008972684,2.625926008972684,-0.014173991027315869,-0.014173991027315869,3.795526008972684,-0.21027399102731592,Ia
979,2.382376008970798,2.382376008970798,0.07687600897079816,0.07687600897079816,4.471176008970798,-0.5464239910292018,Ia
1190,2.365276008958039,2.365276008958039,0.02137600895803915,0.02137600895803915,4.425576008958039,-0.303923991041961,Ia
1204,2.5778260089684464,2.5778260089684464,0.07702600896844658,0.07702600896844658,3.9837260089684468,-0.45907399103155344,Ia
1212,2.4427260089612055,2.4427260089612055,0.08262600896120553,0.08262600896120553,4.437926008961205,0.025326008961205515,Ia
1667,2.575101008973313,2.6228010089733127,-0.2551989910266873,0.15850100897331265,1.966601008973313,-4.640298991026688,IIb
1668,2.700901008981136,2.665901008981136,-0.22799899101886412,0.039501008981135954,1.8534010089811361,-4.748498991018865,IIb
1672,2.4657510089685166,2.4611510089685167,-0.03514899103148361,0.22625100896851646,2.2207510089685165,-4.293248991031484,IIb
1673,2.526976008962975,2.291076008962975,-0.16292399103702493,0.30627600896297513,2.251676008962975,-4.276523991037026,IIb
1674,2.5974260089667704,2.5367260089667703,-0.15107399103322983,0.15812600896677032,1.7692260089667702,-4.24807399103323,IIb
1675,2.5970760089750358,2.490076008975036,-0.1542239910249643,0.18357600897503568,1.859776008975036,-3.973923991024964,IIb
1676,2.6128260089639297,2.5804260089639297,-0.07287399103607028,0.07802600896392964,2.38442600896393,-3.68337399103607,IIb
1678,2.478676008978342,2.434276008978342,-0.14532399102165816,0.12267600897834186,2.186576008978342,-4.060123991021658,IIb
1680,2.7072760089640693,2.3959760089640696,-0.057323991035930666,0.12997600896406936,1.4619760089640694,-4.637823991035932,IIb
1681,2.683451008953918,2.644151008953918,-0.185648991046082,0.06465100895391795,2.039751008953918,-4.319048991046083,IIb
1822,2.5772260089597623,2.5772260089597623,0.22172600895976202,0.22172600895976202,4.150126008959762,-0.606473991040238,Ia
1823,2.5624010089726843,2.5624010089726843,0.09260100897268408,0.09260100897268408,3.973501008972684,-0.7398989910273158,Ia
1824,2.3399010089704024,2.3399010089704024,0.06860100897040233,0.06860100897040233,3.8982010089704024,-0.6322989910295976,Ia
1825,2.6262260089863747,2.5916260089863745,-0.08587399101362547,0.07432600898637454,3.0714260089863745,-2.7264739910136253,Ia
1826,2.5879010089648378,2.5879010089648378,-0.029298991035162314,-0.029298991035162314,4.659401008964838,-1.400798991035162,Ia
1827,2.4499010089814153,2.4499010089814153,-0.06309899101858474,-0.06309899101858474,4.811801008981415,-1.2284989910185846,Ia
1828,2.6148760089708913,2.6148760089708913,-0.14342399102910874,-0.14342399102910874,4.375476008970891,-1.7500239910291087,Ia
1829,2.490476008969634,2.483676008969634,-0.007323991030365962,0.028376008969633992,4.463476008969634,-1.6729239910303657,Ia
1830,2.4195260089695876,2.3912260089695874,0.5150260089695875,0.6766260089695875,4.635426008969588,-1.2643739910304124,Ia
1831,2.532476008963697,2.532476008963697,0.22797600896369685,0.22797600896369685,4.124476008963697,-1.6834239910363031,Ia
1832,2.583751008973895,2.583751008973895,0.3357510089738948,0.3357510089738948,4.007651008973895,-1.5764489910261053,Ia
1833,2.358451008971683,2.358451008971683,0.037151008971683,0.037151008971683,4.829951008971682,-1.2815489910283167,Ia
1834,2.3728260089616247,2.3728260089616247,0.16752600896162462,0.16752600896162462,4.440426008961625,-1.9308739910383754,Ia
1835,2.4529510089664908,2.4529510089664908,0.08555100896649082,0.08555100896649082,4.190151008966491,-1.763248991033509,Ia
1836,2.295301008988354,2.295301008988354,0.07970100898835364,0.07970100898835364,4.174001008988354,-1.8934989910116462,Ia
1837,2.462376008962486,2.462376008962486,0.07767600896248616,0.07767600896248616,4.265376008962486,-1.5396239910375136,Ia
1838,2.4881510089721486,2.4881510089721486,0.03995100897214865,0.03995100897214865,4.291251008972148,-1.729448991027851,Ia
1839,2.52700100897308,2.52700100897308,-0.06819899102692006,-0.06819899102692006,4.11490100897308,-1.8804989910269199,Ia
1840,2.5851260089728707,2.5851260089728707,-0.050073991027129616,-0.050073991027129616,4.24112600897287,-1.6125739910271295,Ia
1841,2.5866260089566886,2.5866260089566886,-0.0322739910433113,-0.0322739910433113,4.218726008956689,-1.6239739910433113,Ia
1842,2.606251008979273,2.606251008979273,-0.08724899102072681,-0.08724899102072681,4.197551008979273,-1.5437489910207267,Ia
1843,2.493276008966514,2.493276008966514,-0.04912399103348586,-0.04912399103348586,4.226876008966514,-1.1200239910334857,Ia
1844,2.5332760089702395,2.5332760089702395,-0.08782399102976057,-0.08782399102976057,4.265976008970239,-1.4494239910297604,Ia
3410,2.267901008973336,2.267901008973336,0.07200100897333606,0.07200100897333606,4.251401008973336,-0.066598991026664,Ia
3782,2.6783510089757807,2.695251008975781,-0.08074899102421929,0.2945510089757807,2.349351008975781,-4.069948991024219,IIb
3783,2.832726008973825,2.806126008973825,-0.212673991026175,0.09852600897382502,1.862226008973825,-4.100273991026175,IIb
3787,2.66570100896854,2.6228010089685396,-0.07089899103146025,0.11040100896853977,1.7300010089685398,-4.64829899103146,IIb
3883,2.6669010089681207,2.6273010089681206,-0.11969899103187942,0.11630100896812068,2.4886010089681205,-5.17889899103188,IIb
3884,2.6449260089542674,2.5903260089542672,-0.012473991045732769,0.13542600895426715,1.859626008954267,-4.517273991045734,IIb
4302,2.470901008968563,2.470901008968563,-0.040798991031436915,-0.040798991031436915,4.462201008968563,-0.3271989910314369,Ia
4330,2.5541510089706816,2.5541510089706816,-0.05044899102931821,-0.05044899102931821,4.2125510089706815,-0.2593489910293182,Ia
4680,2.51165100896067,2.51165100896067,-0.043648991039329954,-0.043648991039329954,4.72015100896067,-0.24604899103932987,Ia
5127,2.5179760089663277,2.5179760089663277,-0.021323991033672218,-0.021323991033672218,4.265276008966327,-0.021323991033672218,Ia
5665,2.3173010089758272,2.3173010089758272,0.07750100897582735,0.07750100897582735,4.074701008975827,0.013101008975827333,Ia
7959,2.845551008965932,2.7958510089659323,-0.307048991034068,0.10485100896593191,2.4515510089659323,-4.640148991034069,IIb
7960,2.733926008967399,2.717526008967399,-0.17407399103260113,0.24622600896739877,2.1506260089673988,-4.068373991032601,IIb
7971,2.6868010089699137,2.6117010089699138,-0.012898991030086626,0.12530100896991347,1.8693010089699134,-4.802998991030087,IIb
7972,2.7371760089617645,2.6901760089617643,-0.26932399103823557,0.07017600896176435,2.9527760089617643,-4.555023991038237,Ia
7979,2.6677510089745002,2.6154510089745004,-0.0889489910254998,0.14045100897450014,2.0961510089745,-4.0831489910255,IIb
7998,2.93927600895748,2.8831760089574803,-0.34232399104251965,0.012676008957480334,1.6677760089574805,-4.23922399104252,IIb
7999,2.7733010089643724,2.7343010089643722,-0.2361989910356278,0.34700100896437214,2.034101008964372,-3.563298991035628,IIb
8014,2.647776008970845,2.6011760089708447,-0.1935239910291553,0.22927600897084466,1.546576008970845,-3.894323991029155,IIb
8401,2.671701008973173,2.6190010089731732,-0.10409899102682696,0.1868010089731731,1.9955010089731733,-4.127598991026828,IIb
8412,2.6725260089558507,2.6352260089558506,-0.08317399104414958,0.1266260089558504,1.9770260089558507,-4.8845739910441495,IIb
19514,2.506151008973592,2.506151008973592,-0.008648991026407815,-0.008648991026407815,4.378951008973592,-0.5457489910264078,Ia
19521,2.305126008959436,2.305126008959436,0.03322600895943606,0.03322600895943606,4.555326008959436,-0.5571739910405639,Ia
19522,2.357776008985187,2.357776008985187,0.04347600898518722,0.04347600898518722,5.006976008985187,0.2886760089851871,IIa
19710,2.5924760089682604,2.5924760089682604,-0.0622239910317397,-0.0622239910317397,4.09937600896826,-0.7434239910317396,Ia
25870,2.410301008974873,2.410301008974873,0.35010100897487273,0.35010100897487273,4.747501008974873,-0.0016989910251273832,Ia
25881,2.5717510089693545,2.5717510089693545,-0.0855489910306454,-0.0855489910306454,4.430251008969354,-0.3160489910306453,Ia
25887,2.4549760089528467,2.4549760089528467,0.3860760089528469,0.3860760089528469,4.4005760089528465,-0.008523991047152957,Ia
25888,2.385101008965047,2.385101008965047,0.10300100896504716,0.10300100896504716,4.775501008965048,0.1753010089650473,IIa
26060,2.309951008959948,2.309951008959948,0.16535100895994825,0.16535100895994825,4.194451008959948,-0.1374489910400517,Ia
26061,2.617976008971427,2.617976008971427,-0.016923991028573226,-0.016923991028573226,4.329776008971427,-0.016923991028573226,Ia
26099,2.4158260089690984,2.4158260089690984,0.0010260089690985463,0.0010260089690985463,4.461626008969098,0.09682600896909854,IIa
27256,2.6596010089758275,2.6596010089758275,-0.12119899102417275,-0.12119899102417275,2.8404010089758276,0.15010100897582734,IIa
27279,2.6151260089677715,2.6151260089677715,-0.030473991032228587,-0.030473991032228587,3.1543260089677716,-0.11517399103222858,Ia
27280,2.653651008970123,2.653651008970123,-0.04444899102987698,-0.04444899102987698,3.304551008970123,-0.15814899102987712,Ia
27281,2.570351008969867,2.570351008969867,0.0024510089698668303,0.0024510089698668303,3.346051008969867,-0.3291489910301332,Ia
27437,2.355276008961764,2.355276008961764,0.049476008961764406,0.049476008961764406,3.4608760089617645,0.0937760089617643,IIa
29466,2.544851008976782,2.544851008976782,-0.0624489910232181,-0.0624489910232181,4.492451008976782,-0.2578489910232181,Ia
33135,2.621301008971008,2.621301008971008,0.06670100897100772,0.06670100897100772,4.712301008971008,-0.2748989910289922,Ia
34225,2.540826008954919,2.522326008954919,-0.23427399104508073,0.16382600895491917,1.5580260089549194,-4.083873991045081,IIb
34226,2.5501260089755946,2.4843260089755947,0.10662600897559449,0.2617260089755945,1.5401260089755948,-4.1881739910244065,IIb
34227,2.6433510089643257,2.5938510089643256,-0.0023489910356745414,0.1665510089643255,1.6708510089643256,-3.2007489910356743,IIb
34235,2.585801008961159,2.579801008961159,0.058201008961158984,0.20700100896115903,1.747201008961159,-3.8409989910388407,IIb
34236,2.539226008976526,2.4768260089765257,-0.11617399102347414,0.31752600897652583,1.7563260089765258,-3.8927739910234744,IIb
34244,2.5532010089751753,2.4486010089751753,-0.11739899102482465,0.28570100897517536,1.4857010089751754,-4.800198991024825,IIb
34289,2.6782510089691685,2.6370510089691686,-0.1206489910308316,0.1353510089691684,1.3520510089691684,-3.870348991030832,IIb
34290,2.6751760089744305,2.6226760089744303,-0.1201239910255697,0.04367600897443036,2.1286760089744305,-4.28602399102557,IIb
34291,2.687726008975967,2.6295260089759673,-0.16217399102403296,-0.03197399102403298,2.5670260089759673,-3.610373991024033,IIb
34293,2.624526008967329,2.573026008967329,-0.14307399103267104,0.2154260089673291,1.1543260089673293,-4.069173991032671,IIb
34294,2.603676008972661,2.547476008972661,-0.11312399102733917,0.17977600897266088,1.472576008972661,-4.651123991027339,IIb
34295,2.610876008969797,2.550676008969797,-0.12392399103020302,0.1318760089697969,1.4568760089697972,-4.727623991030203,IIb
34296,2.671026008956316,2.623126008956316,-0.21177399104368388,-0.05357399104368388,1.813926008956316,-4.157973991043685,IIb
34299,2.589251008958179,2.596551008958179,-0.18294899104182127,0.1903510089581787,1.707651008958179,-4.296348991041821,IIb
34300,2.500526008972824,2.441726008972824,-0.11517399102717618,0.2187260089728239,1.4900260089728241,-4.3475739910271765,IIb
34301,2.646776008958249,2.5959760089582486,-0.1495239910417514,-0.013323991041751415,2.0433760089582487,-3.812523991041752,IIb
34322,2.7960510089670265,2.5959510089670266,-0.21154899103297364,0.057051008967026307,1.3328510089670265,-4.945248991032974,IIb
35322,2.3992760089725675,2.3992760089725675,-0.04962399102743231,-0.04962399102743231,4.751676008972567,0.3826760089725677,IIa
35323,2.517626008974151,2.517626008974151,-0.1447739910258491,-0.1447739910258491,4.659526008974151,0.30852600897415094,IIa
35332,2.302226008968656,2.302226008968656,0.0274260089686561,0.0274260089686561,4.467926008968656,0.3780260089686561,IIa
35345,2.370701008960763,2.370701008960763,0.05090100896076322,0.05090100896076322,4.600101008960763,-0.02949899103923681,Ia
35373,2.446576008965443,2.446576008965443,-0.08472399103455697,-0.08472399103455697,4.748676008965443,0.1595760089654431,IIa
35386,2.258601008954989,2.258601008954989,0.12990100895498902,0.12990100895498902,4.6141010089549885,0.17560100895498898,IIa
35387,2.499751008973429,2.499751008973429,-0.09664899102657087,-0.09664899102657087,4.786651008973429,0.3168510089734292,IIa
35408,2.510126008958947,2.510126008958947,-0.07517399104105293,-0.07517399104105293,4.138626008958947,-0.08527399104105293,Ia
35410,2.2655010089803445,2.2655010089803445,0.03300100898034419,0.03300100898034419,4.308901008980344,0.24620100898034425,IIa
35411,2.2859510089799486,2.2859510089799486,0.04315100897994839,0.04315100897994839,4.373251008979948,0.3978510089799484,IIa
35575,2.5622260089562694,2.5622260089562694,-0.017873991043730553,-0.017873991043730553,4.100426008956269,0.1913260089562695,IIa
35681,2.392576008978109,2.392576008978109,-0.05722399102189091,-0.05722399102189091,4.271376008978109,0.14067600897810906,IIa
35708,2.44885100896223,2.44885100896223,0.11505100896222997,0.11505100896222997,4.95405100896223,-0.12324899103776998,Ia
35849,2.3862260089679577,2.3862260089679577,0.06362600896795756,0.06362600896795756,4.827126008967957,-1.2025739910320423,Ia
35875,2.373951008967352,2.373951008967352,0.39015100896735233,0.39015100896735233,4.986151008967352,-0.5340489910326477,Ia
35876,2.654626008969401,2.654626008969401,-0.11027399103059887,-0.11027399103059887,4.736826008969401,-0.15397399103059872,Ia
36000,2.4820760089561995,2.4820760089561995,0.19257600895619975,0.19257600895619975,4.837176008956199,-0.7383239910438003,Ia
36003,2.47920100897783,2.47920100897783,0.19350100897782962,0.19350100897782962,5.03640100897783,-0.09709899102217034,Ia
36008,2.4781760089604603,2.4781760089604603,0.2123760089604606,0.2123760089604606,4.92657600896046,-0.2826239910395395,Ia
36192,2.6150010089622766,2.5554010089622765,-0.12929899103772347,0.10140100896227655,0.7926010089622765,-3.7429989910377235,IIb
36193,2.59967600896223,2.54387600896223,-0.06272399103776993,0.14057600896223,0.95267600896223,-4.6060239910377705,IIb
36194,2.6515510089633945,2.593551008963394,0.15925100896339417,0.2809510089633941,1.0378510089633943,-4.350948991036606,IIb
36195,2.292801008969238,2.2654010089692385,0.023101008969238168,0.1488010089692382,1.1674010089692382,-2.756398991030762,IIb
36222,2.2702260089748494,2.2702260089748494,0.004126008974849493,0.004126008974849493,3.2342260089748494,-0.7701739910251507,Ia
36223,2.269576008980717,2.269576008980717,0.023976008980716723,0.023976008980716723,3.199776008980717,-0.7876239910192832,Ia
36224,2.2266010089687724,2.2266010089687724,0.12170100896877256,0.12170100896877256,3.2246010089687727,-0.6757989910312275,Ia
36225,2.2152760089804837,2.2152760089804837,0.08307600898048395,0.08307600898048395,3.428176008980484,-0.7105239910195161,Ia
36226,2.374401008970216,2.374401008970216,0.21400100897021612,0.21400100897021612,3.0903010089702163,-0.3732989910297838,Ia
36227,2.455026008964372,2.455026008964372,-0.07287399103562797,-0.07287399103562797,2.9006260089643723,-0.23257399103562781,Ia
36228,2.6388760089590404,2.6388760089590404,-0.09992399104095984,-0.09992399104095984,2.7948760089590405,-0.03722399104095975,IIa
36232,2.2221260089651635,2.2221260089651635,0.07532600896516373,0.07532600896516373,3.0704260089651636,-0.2874739910348364,Ia
36233,2.3195010089646515,2.3195010089646515,0.03200100896465141,0.03200100896465141,3.2899010089646517,-0.5372989910353484,Ia
36234,2.2162010089588775,2.2162010089588775,0.10110100895887719,0.10110100895887719,3.2181010089588775,-1.2419989910411227,Ia
36235,2.3988010089712173,2.3988010089712173,0.7577010089712173,0.7577010089712173,3.1276010089712174,-1.3654989910287827,Ia
36236,2.543726008965094,2.543726008965094,0.036626008965093826,0.036626008965093826,2.327226008965094,0.39332600896509384,Ib
36237,2.2574010089732663,2.2574010089732663,0.06990100897326623,0.06990100897326623,3.315201008973266,-0.6172989910267338,Ia
40541,2.6132010089801114,2.6132010089801114,-0.008998991019888547,-0.008998991019888547,1.7956010089801113,-4.503498991019889,IIb
40542,2.6904010089661647,2.615901008966165,-0.02419899103383516,0.15070100896616478,2.556001008966165,-4.965098991033836,IIb
40543,2.672526008970193,2.6366260089701927,-0.12687399102980723,0.042326008970192786,1.961926008970193,-4.370573991029808,IIb
40544,2.572601008968656,2.5422010089686564,-0.0667989910313439,0.034301008968656066,2.1444010089686563,-4.527198991031344,IIb
40545,2.673751008977597,2.632251008977597,-0.0251489910224032,0.26585100897759684,2.954151008977597,-4.589748991022404,Ia
40546,2.6627260089703095,2.6085260089703093,-0.1609739910296908,0.07442600897030927,1.9151260089703093,-4.6800739910296905,IIb
40547,2.6476760089629754,2.594876008962975,-0.23702399103702498,0.1967760089629751,2.6476760089629754,-4.350923991037025,Ia
40548,2.674801008960973,2.6343010089609726,-0.18329899103902725,-0.0010989910390272195,1.7430010089609729,-3.911998991039027,IIb
40549,2.644501008970216,2.5996010089702164,-0.02929899102978395,0.13810100897021615,1.7422010089702162,-4.080498991029785,IIb
40550,2.696451008969308,2.657551008969308,-0.12874899103069193,0.03575100896930805,1.7684510089693082,-3.3162489910306916,IIb
40551,2.6223510089647446,2.5869510089647445,-0.17344899103525535,0.10065100896474455,1.8183510089647448,-3.8270489910352548,IIb
40552,2.5399260089642324,2.5027260089642325,-0.20867399103576767,0.1554260089642323,1.5147260089642325,-4.564973991035767,IIb
40553,2.74320100896861,2.67290100896861,-0.1345989910313904,0.006901008968609568,2.69040100896861,-4.613098991031391,Ia
40554,2.6946010089734993,2.610501008973499,-0.09479899102650102,0.09570100897349898,2.914601008973499,-4.880098991026501,Ia
40555,2.6401510089624862,2.5802510089624864,-0.057548991037513875,0.12485100896248602,2.662651008962486,-4.929048991037514,Ia
40556,2.6408760089646983,2.601776008964698,-0.13682399103530196,0.124576008964698,2.972176008964698,-4.382923991035302,Ia
40557,2.710626008969727,2.6998260089697275,-0.2334739910302729,0.06592600896972711,2.5453260089697274,-4.319673991030273,IIb
40558,2.624851008969471,2.624851008969471,-0.03624899103052892,-0.03624899103052892,1.187351008969471,-3.227548991030529,IIb
